Skill,Skill_family,Time,Mean_score,CI95_lo,CI95_hi,Mean_decline_pre_minus_post,Direction,Paired_p_label,Scale,PYP_pass_threshold,N
Listening,Oral–aural,Pre (PYP exit),67.25083333333333,66.30321370489813,68.19845296176854,3.5491666666666664,decline,p < .001,0–100 institutional,60,120
Listening,Oral–aural,Post (graduation),63.70166666666667,62.59488125693348,64.80845207639985,3.5491666666666664,decline,p < .001,0–100 institutional,60,120
Reading,Written,Pre (PYP exit),67.82416666666667,66.94488711482882,68.70344621850452,-0.4058333333333334,gain,p = 0.21,0–100 institutional,60,120
Reading,Written,Post (graduation),68.23,67.19516659254617,69.26483340745384,-0.4058333333333334,gain,p = 0.21,0–100 institutional,60,120
Writing,Written,Pre (PYP exit),66.34416666666667,65.4001414446306,67.28819188870273,-0.34916666666666674,gain,p = 0.35,0–100 institutional,60,120
Writing,Written,Post (graduation),66.69333333333333,65.51739487141543,67.86927179525122,-0.34916666666666674,gain,p = 0.35,0–100 institutional,60,120
Speaking,Oral–aural,Pre (PYP exit),65.72083333333333,64.70795946851494,66.73370719815172,5.099166666666666,decline,p < .001,0–100 institutional,60,120
Speaking,Oral–aural,Post (graduation),60.62166666666667,59.47694055804583,61.76639277528751,5.099166666666666,decline,p < .001,0–100 institutional,60,120
Overall,Overall,Pre (PYP exit),66.78666666666666,65.95350302468339,67.61983030864994,1.9716666666666667,decline,p < .001,0–100 institutional,60,120
Overall,Overall,Post (graduation),64.815,63.9303451950002,65.6996548049998,1.9716666666666667,decline,p < .001,0–100 institutional,60,120
