Student_ID,Skill,Panel,Predictor_name,Predictor,Skill_decline,N,Scale_note
EMI-2022-001,Listening,Listening · Underrating gap,Underrating gap,9.6,7.1,120,Decline = Pre − Post on 0–100 scale
EMI-2022-002,Listening,Listening · Underrating gap,Underrating gap,6.2,4.4,120,Decline = Pre − Post on 0–100 scale
EMI-2022-003,Listening,Listening · Underrating gap,Underrating gap,7.5,1.3,120,Decline = Pre − Post on 0–100 scale
EMI-2022-004,Listening,Listening · Underrating gap,Underrating gap,11.7,9.5,120,Decline = Pre − Post on 0–100 scale
EMI-2022-005,Listening,Listening · Underrating gap,Underrating gap,8.6,4.7,120,Decline = Pre − Post on 0–100 scale
EMI-2022-006,Listening,Listening · Underrating gap,Underrating gap,5.3,7.3,120,Decline = Pre − Post on 0–100 scale
EMI-2022-007,Listening,Listening · Underrating gap,Underrating gap,8.9,4.3,120,Decline = Pre − Post on 0–100 scale
EMI-2022-008,Listening,Listening · Underrating gap,Underrating gap,9.6,7.3,120,Decline = Pre − Post on 0–100 scale
EMI-2022-009,Listening,Listening · Underrating gap,Underrating gap,12.1,6.9,120,Decline = Pre − Post on 0–100 scale
EMI-2022-010,Listening,Listening · Underrating gap,Underrating gap,6.4,5.7,120,Decline = Pre − Post on 0–100 scale
EMI-2022-011,Listening,Listening · Underrating gap,Underrating gap,6.0,-0.1,120,Decline = Pre − Post on 0–100 scale
EMI-2022-012,Listening,Listening · Underrating gap,Underrating gap,6.1,-2.1,120,Decline = Pre − Post on 0–100 scale
EMI-2022-013,Listening,Listening · Underrating gap,Underrating gap,3.9,-4.7,120,Decline = Pre − Post on 0–100 scale
EMI-2022-014,Listening,Listening · Underrating gap,Underrating gap,7.0,1.8,120,Decline = Pre − Post on 0–100 scale
EMI-2022-015,Listening,Listening · Underrating gap,Underrating gap,7.9,1.9,120,Decline = Pre − Post on 0–100 scale
EMI-2022-016,Listening,Listening · Underrating gap,Underrating gap,9.5,5.9,120,Decline = Pre − Post on 0–100 scale
EMI-2022-017,Listening,Listening · Underrating gap,Underrating gap,7.8,3.1,120,Decline = Pre − Post on 0–100 scale
EMI-2022-018,Listening,Listening · Underrating gap,Underrating gap,9.0,-1.6,120,Decline = Pre − Post on 0–100 scale
EMI-2022-019,Listening,Listening · Underrating gap,Underrating gap,7.6,5.1,120,Decline = Pre − Post on 0–100 scale
EMI-2022-020,Listening,Listening · Underrating gap,Underrating gap,13.2,-3.1,120,Decline = Pre − Post on 0–100 scale
EMI-2022-021,Listening,Listening · Underrating gap,Underrating gap,7.6,-0.1,120,Decline = Pre − Post on 0–100 scale
EMI-2022-022,Listening,Listening · Underrating gap,Underrating gap,5.9,-2.2,120,Decline = Pre − Post on 0–100 scale
EMI-2022-023,Listening,Listening · Underrating gap,Underrating gap,3.8,-1.7,120,Decline = Pre − Post on 0–100 scale
EMI-2022-024,Listening,Listening · Underrating gap,Underrating gap,3.0,-1.9,120,Decline = Pre − Post on 0–100 scale
EMI-2022-025,Listening,Listening · Underrating gap,Underrating gap,5.8,3.9,120,Decline = Pre − Post on 0–100 scale
EMI-2022-026,Listening,Listening · Underrating gap,Underrating gap,3.9,-7.8,120,Decline = Pre − Post on 0–100 scale
EMI-2022-027,Listening,Listening · Underrating gap,Underrating gap,10.0,4.9,120,Decline = Pre − Post on 0–100 scale
EMI-2022-028,Listening,Listening · Underrating gap,Underrating gap,8.4,7.5,120,Decline = Pre − Post on 0–100 scale
EMI-2022-029,Listening,Listening · Underrating gap,Underrating gap,7.4,6.0,120,Decline = Pre − Post on 0–100 scale
EMI-2022-030,Listening,Listening · Underrating gap,Underrating gap,8.0,0.3,120,Decline = Pre − Post on 0–100 scale
EMI-2022-031,Listening,Listening · Underrating gap,Underrating gap,10.5,3.8,120,Decline = Pre − Post on 0–100 scale
EMI-2022-032,Listening,Listening · Underrating gap,Underrating gap,9.0,2.6,120,Decline = Pre − Post on 0–100 scale
EMI-2022-033,Listening,Listening · Underrating gap,Underrating gap,6.5,-4.3,120,Decline = Pre − Post on 0–100 scale
EMI-2022-034,Listening,Listening · Underrating gap,Underrating gap,5.4,-0.2,120,Decline = Pre − Post on 0–100 scale
EMI-2022-035,Listening,Listening · Underrating gap,Underrating gap,9.7,7.8,120,Decline = Pre − Post on 0–100 scale
EMI-2022-036,Listening,Listening · Underrating gap,Underrating gap,15.4,-1.0,120,Decline = Pre − Post on 0–100 scale
EMI-2022-037,Listening,Listening · Underrating gap,Underrating gap,12.3,6.8,120,Decline = Pre − Post on 0–100 scale
EMI-2022-038,Listening,Listening · Underrating gap,Underrating gap,8.3,6.2,120,Decline = Pre − Post on 0–100 scale
EMI-2022-039,Listening,Listening · Underrating gap,Underrating gap,8.4,0.0,120,Decline = Pre − Post on 0–100 scale
EMI-2022-040,Listening,Listening · Underrating gap,Underrating gap,8.6,1.3,120,Decline = Pre − Post on 0–100 scale
EMI-2022-041,Listening,Listening · Underrating gap,Underrating gap,7.4,4.1,120,Decline = Pre − Post on 0–100 scale
EMI-2022-042,Listening,Listening · Underrating gap,Underrating gap,2.5,-0.1,120,Decline = Pre − Post on 0–100 scale
EMI-2022-043,Listening,Listening · Underrating gap,Underrating gap,6.1,5.2,120,Decline = Pre − Post on 0–100 scale
EMI-2022-044,Listening,Listening · Underrating gap,Underrating gap,5.9,5.8,120,Decline = Pre − Post on 0–100 scale
EMI-2022-045,Listening,Listening · Underrating gap,Underrating gap,4.4,0.7,120,Decline = Pre − Post on 0–100 scale
EMI-2022-046,Listening,Listening · Underrating gap,Underrating gap,7.9,2.7,120,Decline = Pre − Post on 0–100 scale
EMI-2022-047,Listening,Listening · Underrating gap,Underrating gap,4.5,2.2,120,Decline = Pre − Post on 0–100 scale
EMI-2022-048,Listening,Listening · Underrating gap,Underrating gap,3.3,6.6,120,Decline = Pre − Post on 0–100 scale
EMI-2022-049,Listening,Listening · Underrating gap,Underrating gap,6.3,5.5,120,Decline = Pre − Post on 0–100 scale
EMI-2022-050,Listening,Listening · Underrating gap,Underrating gap,3.4,6.2,120,Decline = Pre − Post on 0–100 scale
EMI-2022-051,Listening,Listening · Underrating gap,Underrating gap,8.9,1.0,120,Decline = Pre − Post on 0–100 scale
EMI-2022-052,Listening,Listening · Underrating gap,Underrating gap,5.3,0.1,120,Decline = Pre − Post on 0–100 scale
EMI-2022-053,Listening,Listening · Underrating gap,Underrating gap,8.8,1.7,120,Decline = Pre − Post on 0–100 scale
EMI-2022-054,Listening,Listening · Underrating gap,Underrating gap,8.3,9.5,120,Decline = Pre − Post on 0–100 scale
EMI-2022-055,Listening,Listening · Underrating gap,Underrating gap,15.9,11.6,120,Decline = Pre − Post on 0–100 scale
EMI-2022-056,Listening,Listening · Underrating gap,Underrating gap,7.2,9.0,120,Decline = Pre − Post on 0–100 scale
EMI-2022-057,Listening,Listening · Underrating gap,Underrating gap,7.6,0.7,120,Decline = Pre − Post on 0–100 scale
EMI-2022-058,Listening,Listening · Underrating gap,Underrating gap,5.7,6.5,120,Decline = Pre − Post on 0–100 scale
EMI-2022-059,Listening,Listening · Underrating gap,Underrating gap,4.6,-1.1,120,Decline = Pre − Post on 0–100 scale
EMI-2022-060,Listening,Listening · Underrating gap,Underrating gap,8.0,8.5,120,Decline = Pre − Post on 0–100 scale
EMI-2022-061,Listening,Listening · Underrating gap,Underrating gap,11.8,10.6,120,Decline = Pre − Post on 0–100 scale
EMI-2022-062,Listening,Listening · Underrating gap,Underrating gap,12.2,6.6,120,Decline = Pre − Post on 0–100 scale
EMI-2022-063,Listening,Listening · Underrating gap,Underrating gap,11.5,9.0,120,Decline = Pre − Post on 0–100 scale
EMI-2022-064,Listening,Listening · Underrating gap,Underrating gap,12.2,6.0,120,Decline = Pre − Post on 0–100 scale
EMI-2022-065,Listening,Listening · Underrating gap,Underrating gap,13.5,5.9,120,Decline = Pre − Post on 0–100 scale
EMI-2022-066,Listening,Listening · Underrating gap,Underrating gap,10.0,5.4,120,Decline = Pre − Post on 0–100 scale
EMI-2022-067,Listening,Listening · Underrating gap,Underrating gap,16.1,12.7,120,Decline = Pre − Post on 0–100 scale
EMI-2022-068,Listening,Listening · Underrating gap,Underrating gap,10.6,0.6,120,Decline = Pre − Post on 0–100 scale
EMI-2022-069,Listening,Listening · Underrating gap,Underrating gap,13.5,2.4,120,Decline = Pre − Post on 0–100 scale
EMI-2022-070,Listening,Listening · Underrating gap,Underrating gap,15.8,9.1,120,Decline = Pre − Post on 0–100 scale
EMI-2022-071,Listening,Listening · Underrating gap,Underrating gap,7.0,1.8,120,Decline = Pre − Post on 0–100 scale
EMI-2022-072,Listening,Listening · Underrating gap,Underrating gap,5.5,1.9,120,Decline = Pre − Post on 0–100 scale
EMI-2022-073,Listening,Listening · Underrating gap,Underrating gap,7.5,2.4,120,Decline = Pre − Post on 0–100 scale
EMI-2022-074,Listening,Listening · Underrating gap,Underrating gap,10.1,3.6,120,Decline = Pre − Post on 0–100 scale
EMI-2022-075,Listening,Listening · Underrating gap,Underrating gap,6.2,7.1,120,Decline = Pre − Post on 0–100 scale
EMI-2022-076,Listening,Listening · Underrating gap,Underrating gap,3.8,-3.2,120,Decline = Pre − Post on 0–100 scale
EMI-2022-077,Listening,Listening · Underrating gap,Underrating gap,8.2,8.8,120,Decline = Pre − Post on 0–100 scale
EMI-2022-078,Listening,Listening · Underrating gap,Underrating gap,7.8,2.3,120,Decline = Pre − Post on 0–100 scale
EMI-2022-079,Listening,Listening · Underrating gap,Underrating gap,7.4,0.3,120,Decline = Pre − Post on 0–100 scale
EMI-2022-080,Listening,Listening · Underrating gap,Underrating gap,9.1,6.4,120,Decline = Pre − Post on 0–100 scale
EMI-2022-081,Listening,Listening · Underrating gap,Underrating gap,13.1,5.8,120,Decline = Pre − Post on 0–100 scale
EMI-2022-082,Listening,Listening · Underrating gap,Underrating gap,11.7,5.8,120,Decline = Pre − Post on 0–100 scale
EMI-2022-083,Listening,Listening · Underrating gap,Underrating gap,16.2,9.3,120,Decline = Pre − Post on 0–100 scale
EMI-2022-084,Listening,Listening · Underrating gap,Underrating gap,10.3,3.9,120,Decline = Pre − Post on 0–100 scale
EMI-2022-085,Listening,Listening · Underrating gap,Underrating gap,11.6,-1.1,120,Decline = Pre − Post on 0–100 scale
EMI-2022-086,Listening,Listening · Underrating gap,Underrating gap,12.0,4.1,120,Decline = Pre − Post on 0–100 scale
EMI-2022-087,Listening,Listening · Underrating gap,Underrating gap,13.6,9.6,120,Decline = Pre − Post on 0–100 scale
EMI-2022-088,Listening,Listening · Underrating gap,Underrating gap,14.6,4.1,120,Decline = Pre − Post on 0–100 scale
EMI-2022-089,Listening,Listening · Underrating gap,Underrating gap,10.6,3.3,120,Decline = Pre − Post on 0–100 scale
EMI-2022-090,Listening,Listening · Underrating gap,Underrating gap,11.1,6.6,120,Decline = Pre − Post on 0–100 scale
EMI-2022-091,Listening,Listening · Underrating gap,Underrating gap,10.1,3.7,120,Decline = Pre − Post on 0–100 scale
EMI-2022-092,Listening,Listening · Underrating gap,Underrating gap,10.3,0.0,120,Decline = Pre − Post on 0–100 scale
EMI-2022-093,Listening,Listening · Underrating gap,Underrating gap,11.4,-1.9,120,Decline = Pre − Post on 0–100 scale
EMI-2022-094,Listening,Listening · Underrating gap,Underrating gap,13.5,4.8,120,Decline = Pre − Post on 0–100 scale
EMI-2022-095,Listening,Listening · Underrating gap,Underrating gap,12.6,0.6,120,Decline = Pre − Post on 0–100 scale
EMI-2022-096,Listening,Listening · Underrating gap,Underrating gap,12.0,3.1,120,Decline = Pre − Post on 0–100 scale
EMI-2022-097,Listening,Listening · Underrating gap,Underrating gap,13.6,8.1,120,Decline = Pre − Post on 0–100 scale
EMI-2022-098,Listening,Listening · Underrating gap,Underrating gap,11.9,5.2,120,Decline = Pre − Post on 0–100 scale
EMI-2022-099,Listening,Listening · Underrating gap,Underrating gap,13.8,0.6,120,Decline = Pre − Post on 0–100 scale
EMI-2022-100,Listening,Listening · Underrating gap,Underrating gap,10.7,1.1,120,Decline = Pre − Post on 0–100 scale
EMI-2022-101,Listening,Listening · Underrating gap,Underrating gap,13.8,9.1,120,Decline = Pre − Post on 0–100 scale
EMI-2022-102,Listening,Listening · Underrating gap,Underrating gap,14.5,10.0,120,Decline = Pre − Post on 0–100 scale
EMI-2022-103,Listening,Listening · Underrating gap,Underrating gap,11.0,8.0,120,Decline = Pre − Post on 0–100 scale
EMI-2022-104,Listening,Listening · Underrating gap,Underrating gap,14.3,11.4,120,Decline = Pre − Post on 0–100 scale
EMI-2022-105,Listening,Listening · Underrating gap,Underrating gap,12.3,7.6,120,Decline = Pre − Post on 0–100 scale
EMI-2022-106,Listening,Listening · Underrating gap,Underrating gap,12.6,-0.5,120,Decline = Pre − Post on 0–100 scale
EMI-2022-107,Listening,Listening · Underrating gap,Underrating gap,9.3,5.8,120,Decline = Pre − Post on 0–100 scale
EMI-2022-108,Listening,Listening · Underrating gap,Underrating gap,13.4,8.9,120,Decline = Pre − Post on 0–100 scale
EMI-2022-109,Listening,Listening · Underrating gap,Underrating gap,10.8,5.3,120,Decline = Pre − Post on 0–100 scale
EMI-2022-110,Listening,Listening · Underrating gap,Underrating gap,11.9,8.3,120,Decline = Pre − Post on 0–100 scale
EMI-2022-111,Listening,Listening · Underrating gap,Underrating gap,4.4,-1.6,120,Decline = Pre − Post on 0–100 scale
EMI-2022-112,Listening,Listening · Underrating gap,Underrating gap,5.1,1.3,120,Decline = Pre − Post on 0–100 scale
EMI-2022-113,Listening,Listening · Underrating gap,Underrating gap,11.1,2.0,120,Decline = Pre − Post on 0–100 scale
EMI-2022-114,Listening,Listening · Underrating gap,Underrating gap,7.1,2.4,120,Decline = Pre − Post on 0–100 scale
EMI-2022-115,Listening,Listening · Underrating gap,Underrating gap,6.0,-4.1,120,Decline = Pre − Post on 0–100 scale
EMI-2022-116,Listening,Listening · Underrating gap,Underrating gap,8.5,-2.7,120,Decline = Pre − Post on 0–100 scale
EMI-2022-117,Listening,Listening · Underrating gap,Underrating gap,6.5,-1.1,120,Decline = Pre − Post on 0–100 scale
EMI-2022-118,Listening,Listening · Underrating gap,Underrating gap,3.5,1.8,120,Decline = Pre − Post on 0–100 scale
EMI-2022-119,Listening,Listening · Underrating gap,Underrating gap,5.7,-1.9,120,Decline = Pre − Post on 0–100 scale
EMI-2022-120,Listening,Listening · Underrating gap,Underrating gap,3.8,-3.5,120,Decline = Pre − Post on 0–100 scale
EMI-2022-001,Listening,Listening · Translanguaging %,Translanguaging %,44.5,7.1,120,Decline = Pre − Post on 0–100 scale
EMI-2022-002,Listening,Listening · Translanguaging %,Translanguaging %,37.3,4.4,120,Decline = Pre − Post on 0–100 scale
EMI-2022-003,Listening,Listening · Translanguaging %,Translanguaging %,51.1,1.3,120,Decline = Pre − Post on 0–100 scale
EMI-2022-004,Listening,Listening · Translanguaging %,Translanguaging %,44.0,9.5,120,Decline = Pre − Post on 0–100 scale
EMI-2022-005,Listening,Listening · Translanguaging %,Translanguaging %,47.6,4.7,120,Decline = Pre − Post on 0–100 scale
EMI-2022-006,Listening,Listening · Translanguaging %,Translanguaging %,33.1,7.3,120,Decline = Pre − Post on 0–100 scale
EMI-2022-007,Listening,Listening · Translanguaging %,Translanguaging %,39.8,4.3,120,Decline = Pre − Post on 0–100 scale
EMI-2022-008,Listening,Listening · Translanguaging %,Translanguaging %,51.0,7.3,120,Decline = Pre − Post on 0–100 scale
EMI-2022-009,Listening,Listening · Translanguaging %,Translanguaging %,49.4,6.9,120,Decline = Pre − Post on 0–100 scale
EMI-2022-010,Listening,Listening · Translanguaging %,Translanguaging %,43.2,5.7,120,Decline = Pre − Post on 0–100 scale
EMI-2022-011,Listening,Listening · Translanguaging %,Translanguaging %,13.3,-0.1,120,Decline = Pre − Post on 0–100 scale
EMI-2022-012,Listening,Listening · Translanguaging %,Translanguaging %,13.4,-2.1,120,Decline = Pre − Post on 0–100 scale
EMI-2022-013,Listening,Listening · Translanguaging %,Translanguaging %,12.0,-4.7,120,Decline = Pre − Post on 0–100 scale
EMI-2022-014,Listening,Listening · Translanguaging %,Translanguaging %,12.0,1.8,120,Decline = Pre − Post on 0–100 scale
EMI-2022-015,Listening,Listening · Translanguaging %,Translanguaging %,28.0,1.9,120,Decline = Pre − Post on 0–100 scale
EMI-2022-016,Listening,Listening · Translanguaging %,Translanguaging %,28.9,5.9,120,Decline = Pre − Post on 0–100 scale
EMI-2022-017,Listening,Listening · Translanguaging %,Translanguaging %,15.4,3.1,120,Decline = Pre − Post on 0–100 scale
EMI-2022-018,Listening,Listening · Translanguaging %,Translanguaging %,21.6,-1.6,120,Decline = Pre − Post on 0–100 scale
EMI-2022-019,Listening,Listening · Translanguaging %,Translanguaging %,22.8,5.1,120,Decline = Pre − Post on 0–100 scale
EMI-2022-020,Listening,Listening · Translanguaging %,Translanguaging %,24.7,-3.1,120,Decline = Pre − Post on 0–100 scale
EMI-2022-021,Listening,Listening · Translanguaging %,Translanguaging %,31.9,-0.1,120,Decline = Pre − Post on 0–100 scale
EMI-2022-022,Listening,Listening · Translanguaging %,Translanguaging %,22.2,-2.2,120,Decline = Pre − Post on 0–100 scale
EMI-2022-023,Listening,Listening · Translanguaging %,Translanguaging %,27.8,-1.7,120,Decline = Pre − Post on 0–100 scale
EMI-2022-024,Listening,Listening · Translanguaging %,Translanguaging %,13.1,-1.9,120,Decline = Pre − Post on 0–100 scale
EMI-2022-025,Listening,Listening · Translanguaging %,Translanguaging %,19.9,3.9,120,Decline = Pre − Post on 0–100 scale
EMI-2022-026,Listening,Listening · Translanguaging %,Translanguaging %,13.3,-7.8,120,Decline = Pre − Post on 0–100 scale
EMI-2022-027,Listening,Listening · Translanguaging %,Translanguaging %,38.2,4.9,120,Decline = Pre − Post on 0–100 scale
EMI-2022-028,Listening,Listening · Translanguaging %,Translanguaging %,30.4,7.5,120,Decline = Pre − Post on 0–100 scale
EMI-2022-029,Listening,Listening · Translanguaging %,Translanguaging %,27.3,6.0,120,Decline = Pre − Post on 0–100 scale
EMI-2022-030,Listening,Listening · Translanguaging %,Translanguaging %,31.5,0.3,120,Decline = Pre − Post on 0–100 scale
EMI-2022-031,Listening,Listening · Translanguaging %,Translanguaging %,35.8,3.8,120,Decline = Pre − Post on 0–100 scale
EMI-2022-032,Listening,Listening · Translanguaging %,Translanguaging %,46.9,2.6,120,Decline = Pre − Post on 0–100 scale
EMI-2022-033,Listening,Listening · Translanguaging %,Translanguaging %,23.5,-4.3,120,Decline = Pre − Post on 0–100 scale
EMI-2022-034,Listening,Listening · Translanguaging %,Translanguaging %,27.7,-0.2,120,Decline = Pre − Post on 0–100 scale
EMI-2022-035,Listening,Listening · Translanguaging %,Translanguaging %,36.9,7.8,120,Decline = Pre − Post on 0–100 scale
EMI-2022-036,Listening,Listening · Translanguaging %,Translanguaging %,44.9,-1.0,120,Decline = Pre − Post on 0–100 scale
EMI-2022-037,Listening,Listening · Translanguaging %,Translanguaging %,36.1,6.8,120,Decline = Pre − Post on 0–100 scale
EMI-2022-038,Listening,Listening · Translanguaging %,Translanguaging %,30.6,6.2,120,Decline = Pre − Post on 0–100 scale
EMI-2022-039,Listening,Listening · Translanguaging %,Translanguaging %,20.9,0.0,120,Decline = Pre − Post on 0–100 scale
EMI-2022-040,Listening,Listening · Translanguaging %,Translanguaging %,31.5,1.3,120,Decline = Pre − Post on 0–100 scale
EMI-2022-041,Listening,Listening · Translanguaging %,Translanguaging %,44.4,4.1,120,Decline = Pre − Post on 0–100 scale
EMI-2022-042,Listening,Listening · Translanguaging %,Translanguaging %,36.2,-0.1,120,Decline = Pre − Post on 0–100 scale
EMI-2022-043,Listening,Listening · Translanguaging %,Translanguaging %,52.4,5.2,120,Decline = Pre − Post on 0–100 scale
EMI-2022-044,Listening,Listening · Translanguaging %,Translanguaging %,47.7,5.8,120,Decline = Pre − Post on 0–100 scale
EMI-2022-045,Listening,Listening · Translanguaging %,Translanguaging %,43.4,0.7,120,Decline = Pre − Post on 0–100 scale
EMI-2022-046,Listening,Listening · Translanguaging %,Translanguaging %,50.7,2.7,120,Decline = Pre − Post on 0–100 scale
EMI-2022-047,Listening,Listening · Translanguaging %,Translanguaging %,47.2,2.2,120,Decline = Pre − Post on 0–100 scale
EMI-2022-048,Listening,Listening · Translanguaging %,Translanguaging %,36.8,6.6,120,Decline = Pre − Post on 0–100 scale
EMI-2022-049,Listening,Listening · Translanguaging %,Translanguaging %,41.4,5.5,120,Decline = Pre − Post on 0–100 scale
EMI-2022-050,Listening,Listening · Translanguaging %,Translanguaging %,38.7,6.2,120,Decline = Pre − Post on 0–100 scale
EMI-2022-051,Listening,Listening · Translanguaging %,Translanguaging %,52.4,1.0,120,Decline = Pre − Post on 0–100 scale
EMI-2022-052,Listening,Listening · Translanguaging %,Translanguaging %,39.4,0.1,120,Decline = Pre − Post on 0–100 scale
EMI-2022-053,Listening,Listening · Translanguaging %,Translanguaging %,51.6,1.7,120,Decline = Pre − Post on 0–100 scale
EMI-2022-054,Listening,Listening · Translanguaging %,Translanguaging %,52.2,9.5,120,Decline = Pre − Post on 0–100 scale
EMI-2022-055,Listening,Listening · Translanguaging %,Translanguaging %,65.9,11.6,120,Decline = Pre − Post on 0–100 scale
EMI-2022-056,Listening,Listening · Translanguaging %,Translanguaging %,53.8,9.0,120,Decline = Pre − Post on 0–100 scale
EMI-2022-057,Listening,Listening · Translanguaging %,Translanguaging %,47.5,0.7,120,Decline = Pre − Post on 0–100 scale
EMI-2022-058,Listening,Listening · Translanguaging %,Translanguaging %,44.3,6.5,120,Decline = Pre − Post on 0–100 scale
EMI-2022-059,Listening,Listening · Translanguaging %,Translanguaging %,50.6,-1.1,120,Decline = Pre − Post on 0–100 scale
EMI-2022-060,Listening,Listening · Translanguaging %,Translanguaging %,51.6,8.5,120,Decline = Pre − Post on 0–100 scale
EMI-2022-061,Listening,Listening · Translanguaging %,Translanguaging %,48.7,10.6,120,Decline = Pre − Post on 0–100 scale
EMI-2022-062,Listening,Listening · Translanguaging %,Translanguaging %,59.8,6.6,120,Decline = Pre − Post on 0–100 scale
EMI-2022-063,Listening,Listening · Translanguaging %,Translanguaging %,52.0,9.0,120,Decline = Pre − Post on 0–100 scale
EMI-2022-064,Listening,Listening · Translanguaging %,Translanguaging %,51.0,6.0,120,Decline = Pre − Post on 0–100 scale
EMI-2022-065,Listening,Listening · Translanguaging %,Translanguaging %,57.0,5.9,120,Decline = Pre − Post on 0–100 scale
EMI-2022-066,Listening,Listening · Translanguaging %,Translanguaging %,48.5,5.4,120,Decline = Pre − Post on 0–100 scale
EMI-2022-067,Listening,Listening · Translanguaging %,Translanguaging %,62.1,12.7,120,Decline = Pre − Post on 0–100 scale
EMI-2022-068,Listening,Listening · Translanguaging %,Translanguaging %,46.7,0.6,120,Decline = Pre − Post on 0–100 scale
EMI-2022-069,Listening,Listening · Translanguaging %,Translanguaging %,48.4,2.4,120,Decline = Pre − Post on 0–100 scale
EMI-2022-070,Listening,Listening · Translanguaging %,Translanguaging %,50.7,9.1,120,Decline = Pre − Post on 0–100 scale
EMI-2022-071,Listening,Listening · Translanguaging %,Translanguaging %,37.7,1.8,120,Decline = Pre − Post on 0–100 scale
EMI-2022-072,Listening,Listening · Translanguaging %,Translanguaging %,33.2,1.9,120,Decline = Pre − Post on 0–100 scale
EMI-2022-073,Listening,Listening · Translanguaging %,Translanguaging %,44.7,2.4,120,Decline = Pre − Post on 0–100 scale
EMI-2022-074,Listening,Listening · Translanguaging %,Translanguaging %,39.8,3.6,120,Decline = Pre − Post on 0–100 scale
EMI-2022-075,Listening,Listening · Translanguaging %,Translanguaging %,39.8,7.1,120,Decline = Pre − Post on 0–100 scale
EMI-2022-076,Listening,Listening · Translanguaging %,Translanguaging %,27.3,-3.2,120,Decline = Pre − Post on 0–100 scale
EMI-2022-077,Listening,Listening · Translanguaging %,Translanguaging %,32.5,8.8,120,Decline = Pre − Post on 0–100 scale
EMI-2022-078,Listening,Listening · Translanguaging %,Translanguaging %,32.4,2.3,120,Decline = Pre − Post on 0–100 scale
EMI-2022-079,Listening,Listening · Translanguaging %,Translanguaging %,30.6,0.3,120,Decline = Pre − Post on 0–100 scale
EMI-2022-080,Listening,Listening · Translanguaging %,Translanguaging %,36.7,6.4,120,Decline = Pre − Post on 0–100 scale
EMI-2022-081,Listening,Listening · Translanguaging %,Translanguaging %,42.7,5.8,120,Decline = Pre − Post on 0–100 scale
EMI-2022-082,Listening,Listening · Translanguaging %,Translanguaging %,43.5,5.8,120,Decline = Pre − Post on 0–100 scale
EMI-2022-083,Listening,Listening · Translanguaging %,Translanguaging %,46.4,9.3,120,Decline = Pre − Post on 0–100 scale
EMI-2022-084,Listening,Listening · Translanguaging %,Translanguaging %,32.4,3.9,120,Decline = Pre − Post on 0–100 scale
EMI-2022-085,Listening,Listening · Translanguaging %,Translanguaging %,34.7,-1.1,120,Decline = Pre − Post on 0–100 scale
EMI-2022-086,Listening,Listening · Translanguaging %,Translanguaging %,35.3,4.1,120,Decline = Pre − Post on 0–100 scale
EMI-2022-087,Listening,Listening · Translanguaging %,Translanguaging %,46.4,9.6,120,Decline = Pre − Post on 0–100 scale
EMI-2022-088,Listening,Listening · Translanguaging %,Translanguaging %,37.5,4.1,120,Decline = Pre − Post on 0–100 scale
EMI-2022-089,Listening,Listening · Translanguaging %,Translanguaging %,39.0,3.3,120,Decline = Pre − Post on 0–100 scale
EMI-2022-090,Listening,Listening · Translanguaging %,Translanguaging %,32.6,6.6,120,Decline = Pre − Post on 0–100 scale
EMI-2022-091,Listening,Listening · Translanguaging %,Translanguaging %,27.4,3.7,120,Decline = Pre − Post on 0–100 scale
EMI-2022-092,Listening,Listening · Translanguaging %,Translanguaging %,28.4,0.0,120,Decline = Pre − Post on 0–100 scale
EMI-2022-093,Listening,Listening · Translanguaging %,Translanguaging %,27.7,-1.9,120,Decline = Pre − Post on 0–100 scale
EMI-2022-094,Listening,Listening · Translanguaging %,Translanguaging %,35.9,4.8,120,Decline = Pre − Post on 0–100 scale
EMI-2022-095,Listening,Listening · Translanguaging %,Translanguaging %,29.6,0.6,120,Decline = Pre − Post on 0–100 scale
EMI-2022-096,Listening,Listening · Translanguaging %,Translanguaging %,36.6,3.1,120,Decline = Pre − Post on 0–100 scale
EMI-2022-097,Listening,Listening · Translanguaging %,Translanguaging %,33.0,8.1,120,Decline = Pre − Post on 0–100 scale
EMI-2022-098,Listening,Listening · Translanguaging %,Translanguaging %,36.2,5.2,120,Decline = Pre − Post on 0–100 scale
EMI-2022-099,Listening,Listening · Translanguaging %,Translanguaging %,40.8,0.6,120,Decline = Pre − Post on 0–100 scale
EMI-2022-100,Listening,Listening · Translanguaging %,Translanguaging %,31.7,1.1,120,Decline = Pre − Post on 0–100 scale
EMI-2022-101,Listening,Listening · Translanguaging %,Translanguaging %,47.2,9.1,120,Decline = Pre − Post on 0–100 scale
EMI-2022-102,Listening,Listening · Translanguaging %,Translanguaging %,50.6,10.0,120,Decline = Pre − Post on 0–100 scale
EMI-2022-103,Listening,Listening · Translanguaging %,Translanguaging %,42.9,8.0,120,Decline = Pre − Post on 0–100 scale
EMI-2022-104,Listening,Listening · Translanguaging %,Translanguaging %,51.3,11.4,120,Decline = Pre − Post on 0–100 scale
EMI-2022-105,Listening,Listening · Translanguaging %,Translanguaging %,56.9,7.6,120,Decline = Pre − Post on 0–100 scale
EMI-2022-106,Listening,Listening · Translanguaging %,Translanguaging %,39.8,-0.5,120,Decline = Pre − Post on 0–100 scale
EMI-2022-107,Listening,Listening · Translanguaging %,Translanguaging %,48.4,5.8,120,Decline = Pre − Post on 0–100 scale
EMI-2022-108,Listening,Listening · Translanguaging %,Translanguaging %,43.4,8.9,120,Decline = Pre − Post on 0–100 scale
EMI-2022-109,Listening,Listening · Translanguaging %,Translanguaging %,47.2,5.3,120,Decline = Pre − Post on 0–100 scale
EMI-2022-110,Listening,Listening · Translanguaging %,Translanguaging %,42.7,8.3,120,Decline = Pre − Post on 0–100 scale
EMI-2022-111,Listening,Listening · Translanguaging %,Translanguaging %,12.1,-1.6,120,Decline = Pre − Post on 0–100 scale
EMI-2022-112,Listening,Listening · Translanguaging %,Translanguaging %,12.0,1.3,120,Decline = Pre − Post on 0–100 scale
EMI-2022-113,Listening,Listening · Translanguaging %,Translanguaging %,16.0,2.0,120,Decline = Pre − Post on 0–100 scale
EMI-2022-114,Listening,Listening · Translanguaging %,Translanguaging %,13.7,2.4,120,Decline = Pre − Post on 0–100 scale
EMI-2022-115,Listening,Listening · Translanguaging %,Translanguaging %,12.8,-4.1,120,Decline = Pre − Post on 0–100 scale
EMI-2022-116,Listening,Listening · Translanguaging %,Translanguaging %,15.5,-2.7,120,Decline = Pre − Post on 0–100 scale
EMI-2022-117,Listening,Listening · Translanguaging %,Translanguaging %,18.1,-1.1,120,Decline = Pre − Post on 0–100 scale
EMI-2022-118,Listening,Listening · Translanguaging %,Translanguaging %,12.0,1.8,120,Decline = Pre − Post on 0–100 scale
EMI-2022-119,Listening,Listening · Translanguaging %,Translanguaging %,18.2,-1.9,120,Decline = Pre − Post on 0–100 scale
EMI-2022-120,Listening,Listening · Translanguaging %,Translanguaging %,14.0,-3.5,120,Decline = Pre − Post on 0–100 scale
EMI-2022-001,Speaking,Speaking · Underrating gap,Underrating gap,9.6,4.7,120,Decline = Pre − Post on 0–100 scale
EMI-2022-002,Speaking,Speaking · Underrating gap,Underrating gap,6.2,1.8,120,Decline = Pre − Post on 0–100 scale
EMI-2022-003,Speaking,Speaking · Underrating gap,Underrating gap,7.5,4.5,120,Decline = Pre − Post on 0–100 scale
EMI-2022-004,Speaking,Speaking · Underrating gap,Underrating gap,11.7,10.6,120,Decline = Pre − Post on 0–100 scale
EMI-2022-005,Speaking,Speaking · Underrating gap,Underrating gap,8.6,7.6,120,Decline = Pre − Post on 0–100 scale
EMI-2022-006,Speaking,Speaking · Underrating gap,Underrating gap,5.3,5.5,120,Decline = Pre − Post on 0–100 scale
EMI-2022-007,Speaking,Speaking · Underrating gap,Underrating gap,8.9,6.6,120,Decline = Pre − Post on 0–100 scale
EMI-2022-008,Speaking,Speaking · Underrating gap,Underrating gap,9.6,12.1,120,Decline = Pre − Post on 0–100 scale
EMI-2022-009,Speaking,Speaking · Underrating gap,Underrating gap,12.1,7.5,120,Decline = Pre − Post on 0–100 scale
EMI-2022-010,Speaking,Speaking · Underrating gap,Underrating gap,6.4,6.7,120,Decline = Pre − Post on 0–100 scale
EMI-2022-011,Speaking,Speaking · Underrating gap,Underrating gap,6.0,4.4,120,Decline = Pre − Post on 0–100 scale
EMI-2022-012,Speaking,Speaking · Underrating gap,Underrating gap,6.1,-3.6,120,Decline = Pre − Post on 0–100 scale
EMI-2022-013,Speaking,Speaking · Underrating gap,Underrating gap,3.9,0.0,120,Decline = Pre − Post on 0–100 scale
EMI-2022-014,Speaking,Speaking · Underrating gap,Underrating gap,7.0,1.0,120,Decline = Pre − Post on 0–100 scale
EMI-2022-015,Speaking,Speaking · Underrating gap,Underrating gap,7.9,-0.1,120,Decline = Pre − Post on 0–100 scale
EMI-2022-016,Speaking,Speaking · Underrating gap,Underrating gap,9.5,9.3,120,Decline = Pre − Post on 0–100 scale
EMI-2022-017,Speaking,Speaking · Underrating gap,Underrating gap,7.8,0.2,120,Decline = Pre − Post on 0–100 scale
EMI-2022-018,Speaking,Speaking · Underrating gap,Underrating gap,9.0,-1.6,120,Decline = Pre − Post on 0–100 scale
EMI-2022-019,Speaking,Speaking · Underrating gap,Underrating gap,7.6,4.1,120,Decline = Pre − Post on 0–100 scale
EMI-2022-020,Speaking,Speaking · Underrating gap,Underrating gap,13.2,4.6,120,Decline = Pre − Post on 0–100 scale
EMI-2022-021,Speaking,Speaking · Underrating gap,Underrating gap,7.6,4.0,120,Decline = Pre − Post on 0–100 scale
EMI-2022-022,Speaking,Speaking · Underrating gap,Underrating gap,5.9,-1.9,120,Decline = Pre − Post on 0–100 scale
EMI-2022-023,Speaking,Speaking · Underrating gap,Underrating gap,3.8,-4.6,120,Decline = Pre − Post on 0–100 scale
EMI-2022-024,Speaking,Speaking · Underrating gap,Underrating gap,3.0,3.5,120,Decline = Pre − Post on 0–100 scale
EMI-2022-025,Speaking,Speaking · Underrating gap,Underrating gap,5.8,-0.3,120,Decline = Pre − Post on 0–100 scale
EMI-2022-026,Speaking,Speaking · Underrating gap,Underrating gap,3.9,-4.6,120,Decline = Pre − Post on 0–100 scale
EMI-2022-027,Speaking,Speaking · Underrating gap,Underrating gap,10.0,5.8,120,Decline = Pre − Post on 0–100 scale
EMI-2022-028,Speaking,Speaking · Underrating gap,Underrating gap,8.4,4.2,120,Decline = Pre − Post on 0–100 scale
EMI-2022-029,Speaking,Speaking · Underrating gap,Underrating gap,7.4,-2.1,120,Decline = Pre − Post on 0–100 scale
EMI-2022-030,Speaking,Speaking · Underrating gap,Underrating gap,8.0,-1.5,120,Decline = Pre − Post on 0–100 scale
EMI-2022-031,Speaking,Speaking · Underrating gap,Underrating gap,10.5,8.6,120,Decline = Pre − Post on 0–100 scale
EMI-2022-032,Speaking,Speaking · Underrating gap,Underrating gap,9.0,7.2,120,Decline = Pre − Post on 0–100 scale
EMI-2022-033,Speaking,Speaking · Underrating gap,Underrating gap,6.5,0.3,120,Decline = Pre − Post on 0–100 scale
EMI-2022-034,Speaking,Speaking · Underrating gap,Underrating gap,5.4,1.4,120,Decline = Pre − Post on 0–100 scale
EMI-2022-035,Speaking,Speaking · Underrating gap,Underrating gap,9.7,4.3,120,Decline = Pre − Post on 0–100 scale
EMI-2022-036,Speaking,Speaking · Underrating gap,Underrating gap,15.4,7.7,120,Decline = Pre − Post on 0–100 scale
EMI-2022-037,Speaking,Speaking · Underrating gap,Underrating gap,12.3,7.6,120,Decline = Pre − Post on 0–100 scale
EMI-2022-038,Speaking,Speaking · Underrating gap,Underrating gap,8.3,4.1,120,Decline = Pre − Post on 0–100 scale
EMI-2022-039,Speaking,Speaking · Underrating gap,Underrating gap,8.4,1.1,120,Decline = Pre − Post on 0–100 scale
EMI-2022-040,Speaking,Speaking · Underrating gap,Underrating gap,8.6,4.6,120,Decline = Pre − Post on 0–100 scale
EMI-2022-041,Speaking,Speaking · Underrating gap,Underrating gap,7.4,7.7,120,Decline = Pre − Post on 0–100 scale
EMI-2022-042,Speaking,Speaking · Underrating gap,Underrating gap,2.5,4.1,120,Decline = Pre − Post on 0–100 scale
EMI-2022-043,Speaking,Speaking · Underrating gap,Underrating gap,6.1,6.4,120,Decline = Pre − Post on 0–100 scale
EMI-2022-044,Speaking,Speaking · Underrating gap,Underrating gap,5.9,5.7,120,Decline = Pre − Post on 0–100 scale
EMI-2022-045,Speaking,Speaking · Underrating gap,Underrating gap,4.4,6.7,120,Decline = Pre − Post on 0–100 scale
EMI-2022-046,Speaking,Speaking · Underrating gap,Underrating gap,7.9,8.4,120,Decline = Pre − Post on 0–100 scale
EMI-2022-047,Speaking,Speaking · Underrating gap,Underrating gap,4.5,10.3,120,Decline = Pre − Post on 0–100 scale
EMI-2022-048,Speaking,Speaking · Underrating gap,Underrating gap,3.3,5.4,120,Decline = Pre − Post on 0–100 scale
EMI-2022-049,Speaking,Speaking · Underrating gap,Underrating gap,6.3,8.4,120,Decline = Pre − Post on 0–100 scale
EMI-2022-050,Speaking,Speaking · Underrating gap,Underrating gap,3.4,4.0,120,Decline = Pre − Post on 0–100 scale
EMI-2022-051,Speaking,Speaking · Underrating gap,Underrating gap,8.9,10.3,120,Decline = Pre − Post on 0–100 scale
EMI-2022-052,Speaking,Speaking · Underrating gap,Underrating gap,5.3,6.6,120,Decline = Pre − Post on 0–100 scale
EMI-2022-053,Speaking,Speaking · Underrating gap,Underrating gap,8.8,3.2,120,Decline = Pre − Post on 0–100 scale
EMI-2022-054,Speaking,Speaking · Underrating gap,Underrating gap,8.3,10.3,120,Decline = Pre − Post on 0–100 scale
EMI-2022-055,Speaking,Speaking · Underrating gap,Underrating gap,15.9,14.2,120,Decline = Pre − Post on 0–100 scale
EMI-2022-056,Speaking,Speaking · Underrating gap,Underrating gap,7.2,7.8,120,Decline = Pre − Post on 0–100 scale
EMI-2022-057,Speaking,Speaking · Underrating gap,Underrating gap,7.6,3.7,120,Decline = Pre − Post on 0–100 scale
EMI-2022-058,Speaking,Speaking · Underrating gap,Underrating gap,5.7,4.6,120,Decline = Pre − Post on 0–100 scale
EMI-2022-059,Speaking,Speaking · Underrating gap,Underrating gap,4.6,3.4,120,Decline = Pre − Post on 0–100 scale
EMI-2022-060,Speaking,Speaking · Underrating gap,Underrating gap,8.0,5.3,120,Decline = Pre − Post on 0–100 scale
EMI-2022-061,Speaking,Speaking · Underrating gap,Underrating gap,11.8,10.8,120,Decline = Pre − Post on 0–100 scale
EMI-2022-062,Speaking,Speaking · Underrating gap,Underrating gap,12.2,13.2,120,Decline = Pre − Post on 0–100 scale
EMI-2022-063,Speaking,Speaking · Underrating gap,Underrating gap,11.5,7.7,120,Decline = Pre − Post on 0–100 scale
EMI-2022-064,Speaking,Speaking · Underrating gap,Underrating gap,12.2,10.7,120,Decline = Pre − Post on 0–100 scale
EMI-2022-065,Speaking,Speaking · Underrating gap,Underrating gap,13.5,6.5,120,Decline = Pre − Post on 0–100 scale
EMI-2022-066,Speaking,Speaking · Underrating gap,Underrating gap,10.0,6.5,120,Decline = Pre − Post on 0–100 scale
EMI-2022-067,Speaking,Speaking · Underrating gap,Underrating gap,16.1,16.6,120,Decline = Pre − Post on 0–100 scale
EMI-2022-068,Speaking,Speaking · Underrating gap,Underrating gap,10.6,5.4,120,Decline = Pre − Post on 0–100 scale
EMI-2022-069,Speaking,Speaking · Underrating gap,Underrating gap,13.5,10.5,120,Decline = Pre − Post on 0–100 scale
EMI-2022-070,Speaking,Speaking · Underrating gap,Underrating gap,15.8,12.5,120,Decline = Pre − Post on 0–100 scale
EMI-2022-071,Speaking,Speaking · Underrating gap,Underrating gap,7.0,5.1,120,Decline = Pre − Post on 0–100 scale
EMI-2022-072,Speaking,Speaking · Underrating gap,Underrating gap,5.5,3.8,120,Decline = Pre − Post on 0–100 scale
EMI-2022-073,Speaking,Speaking · Underrating gap,Underrating gap,7.5,5.0,120,Decline = Pre − Post on 0–100 scale
EMI-2022-074,Speaking,Speaking · Underrating gap,Underrating gap,10.1,-1.2,120,Decline = Pre − Post on 0–100 scale
EMI-2022-075,Speaking,Speaking · Underrating gap,Underrating gap,6.2,2.8,120,Decline = Pre − Post on 0–100 scale
EMI-2022-076,Speaking,Speaking · Underrating gap,Underrating gap,3.8,1.0,120,Decline = Pre − Post on 0–100 scale
EMI-2022-077,Speaking,Speaking · Underrating gap,Underrating gap,8.2,8.0,120,Decline = Pre − Post on 0–100 scale
EMI-2022-078,Speaking,Speaking · Underrating gap,Underrating gap,7.8,4.9,120,Decline = Pre − Post on 0–100 scale
EMI-2022-079,Speaking,Speaking · Underrating gap,Underrating gap,7.4,1.7,120,Decline = Pre − Post on 0–100 scale
EMI-2022-080,Speaking,Speaking · Underrating gap,Underrating gap,9.1,3.3,120,Decline = Pre − Post on 0–100 scale
EMI-2022-081,Speaking,Speaking · Underrating gap,Underrating gap,13.1,3.6,120,Decline = Pre − Post on 0–100 scale
EMI-2022-082,Speaking,Speaking · Underrating gap,Underrating gap,11.7,5.6,120,Decline = Pre − Post on 0–100 scale
EMI-2022-083,Speaking,Speaking · Underrating gap,Underrating gap,16.2,8.4,120,Decline = Pre − Post on 0–100 scale
EMI-2022-084,Speaking,Speaking · Underrating gap,Underrating gap,10.3,5.4,120,Decline = Pre − Post on 0–100 scale
EMI-2022-085,Speaking,Speaking · Underrating gap,Underrating gap,11.6,2.5,120,Decline = Pre − Post on 0–100 scale
EMI-2022-086,Speaking,Speaking · Underrating gap,Underrating gap,12.0,4.1,120,Decline = Pre − Post on 0–100 scale
EMI-2022-087,Speaking,Speaking · Underrating gap,Underrating gap,13.6,8.3,120,Decline = Pre − Post on 0–100 scale
EMI-2022-088,Speaking,Speaking · Underrating gap,Underrating gap,14.6,5.7,120,Decline = Pre − Post on 0–100 scale
EMI-2022-089,Speaking,Speaking · Underrating gap,Underrating gap,10.6,1.0,120,Decline = Pre − Post on 0–100 scale
EMI-2022-090,Speaking,Speaking · Underrating gap,Underrating gap,11.1,8.5,120,Decline = Pre − Post on 0–100 scale
EMI-2022-091,Speaking,Speaking · Underrating gap,Underrating gap,10.1,3.8,120,Decline = Pre − Post on 0–100 scale
EMI-2022-092,Speaking,Speaking · Underrating gap,Underrating gap,10.3,8.8,120,Decline = Pre − Post on 0–100 scale
EMI-2022-093,Speaking,Speaking · Underrating gap,Underrating gap,11.4,9.4,120,Decline = Pre − Post on 0–100 scale
EMI-2022-094,Speaking,Speaking · Underrating gap,Underrating gap,13.5,6.9,120,Decline = Pre − Post on 0–100 scale
EMI-2022-095,Speaking,Speaking · Underrating gap,Underrating gap,12.6,7.4,120,Decline = Pre − Post on 0–100 scale
EMI-2022-096,Speaking,Speaking · Underrating gap,Underrating gap,12.0,7.1,120,Decline = Pre − Post on 0–100 scale
EMI-2022-097,Speaking,Speaking · Underrating gap,Underrating gap,13.6,8.1,120,Decline = Pre − Post on 0–100 scale
EMI-2022-098,Speaking,Speaking · Underrating gap,Underrating gap,11.9,8.0,120,Decline = Pre − Post on 0–100 scale
EMI-2022-099,Speaking,Speaking · Underrating gap,Underrating gap,13.8,8.4,120,Decline = Pre − Post on 0–100 scale
EMI-2022-100,Speaking,Speaking · Underrating gap,Underrating gap,10.7,12.2,120,Decline = Pre − Post on 0–100 scale
EMI-2022-101,Speaking,Speaking · Underrating gap,Underrating gap,13.8,6.8,120,Decline = Pre − Post on 0–100 scale
EMI-2022-102,Speaking,Speaking · Underrating gap,Underrating gap,14.5,13.6,120,Decline = Pre − Post on 0–100 scale
EMI-2022-103,Speaking,Speaking · Underrating gap,Underrating gap,11.0,9.8,120,Decline = Pre − Post on 0–100 scale
EMI-2022-104,Speaking,Speaking · Underrating gap,Underrating gap,14.3,13.0,120,Decline = Pre − Post on 0–100 scale
EMI-2022-105,Speaking,Speaking · Underrating gap,Underrating gap,12.3,7.5,120,Decline = Pre − Post on 0–100 scale
EMI-2022-106,Speaking,Speaking · Underrating gap,Underrating gap,12.6,11.5,120,Decline = Pre − Post on 0–100 scale
EMI-2022-107,Speaking,Speaking · Underrating gap,Underrating gap,9.3,4.6,120,Decline = Pre − Post on 0–100 scale
EMI-2022-108,Speaking,Speaking · Underrating gap,Underrating gap,13.4,6.5,120,Decline = Pre − Post on 0–100 scale
EMI-2022-109,Speaking,Speaking · Underrating gap,Underrating gap,10.8,9.9,120,Decline = Pre − Post on 0–100 scale
EMI-2022-110,Speaking,Speaking · Underrating gap,Underrating gap,11.9,8.1,120,Decline = Pre − Post on 0–100 scale
EMI-2022-111,Speaking,Speaking · Underrating gap,Underrating gap,4.4,0.7,120,Decline = Pre − Post on 0–100 scale
EMI-2022-112,Speaking,Speaking · Underrating gap,Underrating gap,5.1,-8.0,120,Decline = Pre − Post on 0–100 scale
EMI-2022-113,Speaking,Speaking · Underrating gap,Underrating gap,11.1,-1.6,120,Decline = Pre − Post on 0–100 scale
EMI-2022-114,Speaking,Speaking · Underrating gap,Underrating gap,7.1,1.6,120,Decline = Pre − Post on 0–100 scale
EMI-2022-115,Speaking,Speaking · Underrating gap,Underrating gap,6.0,-3.2,120,Decline = Pre − Post on 0–100 scale
EMI-2022-116,Speaking,Speaking · Underrating gap,Underrating gap,8.5,0.2,120,Decline = Pre − Post on 0–100 scale
EMI-2022-117,Speaking,Speaking · Underrating gap,Underrating gap,6.5,-3.4,120,Decline = Pre − Post on 0–100 scale
EMI-2022-118,Speaking,Speaking · Underrating gap,Underrating gap,3.5,-7.1,120,Decline = Pre − Post on 0–100 scale
EMI-2022-119,Speaking,Speaking · Underrating gap,Underrating gap,5.7,3.1,120,Decline = Pre − Post on 0–100 scale
EMI-2022-120,Speaking,Speaking · Underrating gap,Underrating gap,3.8,-1.5,120,Decline = Pre − Post on 0–100 scale
EMI-2022-001,Speaking,Speaking · Translanguaging %,Translanguaging %,44.5,4.7,120,Decline = Pre − Post on 0–100 scale
EMI-2022-002,Speaking,Speaking · Translanguaging %,Translanguaging %,37.3,1.8,120,Decline = Pre − Post on 0–100 scale
EMI-2022-003,Speaking,Speaking · Translanguaging %,Translanguaging %,51.1,4.5,120,Decline = Pre − Post on 0–100 scale
EMI-2022-004,Speaking,Speaking · Translanguaging %,Translanguaging %,44.0,10.6,120,Decline = Pre − Post on 0–100 scale
EMI-2022-005,Speaking,Speaking · Translanguaging %,Translanguaging %,47.6,7.6,120,Decline = Pre − Post on 0–100 scale
EMI-2022-006,Speaking,Speaking · Translanguaging %,Translanguaging %,33.1,5.5,120,Decline = Pre − Post on 0–100 scale
EMI-2022-007,Speaking,Speaking · Translanguaging %,Translanguaging %,39.8,6.6,120,Decline = Pre − Post on 0–100 scale
EMI-2022-008,Speaking,Speaking · Translanguaging %,Translanguaging %,51.0,12.1,120,Decline = Pre − Post on 0–100 scale
EMI-2022-009,Speaking,Speaking · Translanguaging %,Translanguaging %,49.4,7.5,120,Decline = Pre − Post on 0–100 scale
EMI-2022-010,Speaking,Speaking · Translanguaging %,Translanguaging %,43.2,6.7,120,Decline = Pre − Post on 0–100 scale
EMI-2022-011,Speaking,Speaking · Translanguaging %,Translanguaging %,13.3,4.4,120,Decline = Pre − Post on 0–100 scale
EMI-2022-012,Speaking,Speaking · Translanguaging %,Translanguaging %,13.4,-3.6,120,Decline = Pre − Post on 0–100 scale
EMI-2022-013,Speaking,Speaking · Translanguaging %,Translanguaging %,12.0,0.0,120,Decline = Pre − Post on 0–100 scale
EMI-2022-014,Speaking,Speaking · Translanguaging %,Translanguaging %,12.0,1.0,120,Decline = Pre − Post on 0–100 scale
EMI-2022-015,Speaking,Speaking · Translanguaging %,Translanguaging %,28.0,-0.1,120,Decline = Pre − Post on 0–100 scale
EMI-2022-016,Speaking,Speaking · Translanguaging %,Translanguaging %,28.9,9.3,120,Decline = Pre − Post on 0–100 scale
EMI-2022-017,Speaking,Speaking · Translanguaging %,Translanguaging %,15.4,0.2,120,Decline = Pre − Post on 0–100 scale
EMI-2022-018,Speaking,Speaking · Translanguaging %,Translanguaging %,21.6,-1.6,120,Decline = Pre − Post on 0–100 scale
EMI-2022-019,Speaking,Speaking · Translanguaging %,Translanguaging %,22.8,4.1,120,Decline = Pre − Post on 0–100 scale
EMI-2022-020,Speaking,Speaking · Translanguaging %,Translanguaging %,24.7,4.6,120,Decline = Pre − Post on 0–100 scale
EMI-2022-021,Speaking,Speaking · Translanguaging %,Translanguaging %,31.9,4.0,120,Decline = Pre − Post on 0–100 scale
EMI-2022-022,Speaking,Speaking · Translanguaging %,Translanguaging %,22.2,-1.9,120,Decline = Pre − Post on 0–100 scale
EMI-2022-023,Speaking,Speaking · Translanguaging %,Translanguaging %,27.8,-4.6,120,Decline = Pre − Post on 0–100 scale
EMI-2022-024,Speaking,Speaking · Translanguaging %,Translanguaging %,13.1,3.5,120,Decline = Pre − Post on 0–100 scale
EMI-2022-025,Speaking,Speaking · Translanguaging %,Translanguaging %,19.9,-0.3,120,Decline = Pre − Post on 0–100 scale
EMI-2022-026,Speaking,Speaking · Translanguaging %,Translanguaging %,13.3,-4.6,120,Decline = Pre − Post on 0–100 scale
EMI-2022-027,Speaking,Speaking · Translanguaging %,Translanguaging %,38.2,5.8,120,Decline = Pre − Post on 0–100 scale
EMI-2022-028,Speaking,Speaking · Translanguaging %,Translanguaging %,30.4,4.2,120,Decline = Pre − Post on 0–100 scale
EMI-2022-029,Speaking,Speaking · Translanguaging %,Translanguaging %,27.3,-2.1,120,Decline = Pre − Post on 0–100 scale
EMI-2022-030,Speaking,Speaking · Translanguaging %,Translanguaging %,31.5,-1.5,120,Decline = Pre − Post on 0–100 scale
EMI-2022-031,Speaking,Speaking · Translanguaging %,Translanguaging %,35.8,8.6,120,Decline = Pre − Post on 0–100 scale
EMI-2022-032,Speaking,Speaking · Translanguaging %,Translanguaging %,46.9,7.2,120,Decline = Pre − Post on 0–100 scale
EMI-2022-033,Speaking,Speaking · Translanguaging %,Translanguaging %,23.5,0.3,120,Decline = Pre − Post on 0–100 scale
EMI-2022-034,Speaking,Speaking · Translanguaging %,Translanguaging %,27.7,1.4,120,Decline = Pre − Post on 0–100 scale
EMI-2022-035,Speaking,Speaking · Translanguaging %,Translanguaging %,36.9,4.3,120,Decline = Pre − Post on 0–100 scale
EMI-2022-036,Speaking,Speaking · Translanguaging %,Translanguaging %,44.9,7.7,120,Decline = Pre − Post on 0–100 scale
EMI-2022-037,Speaking,Speaking · Translanguaging %,Translanguaging %,36.1,7.6,120,Decline = Pre − Post on 0–100 scale
EMI-2022-038,Speaking,Speaking · Translanguaging %,Translanguaging %,30.6,4.1,120,Decline = Pre − Post on 0–100 scale
EMI-2022-039,Speaking,Speaking · Translanguaging %,Translanguaging %,20.9,1.1,120,Decline = Pre − Post on 0–100 scale
EMI-2022-040,Speaking,Speaking · Translanguaging %,Translanguaging %,31.5,4.6,120,Decline = Pre − Post on 0–100 scale
EMI-2022-041,Speaking,Speaking · Translanguaging %,Translanguaging %,44.4,7.7,120,Decline = Pre − Post on 0–100 scale
EMI-2022-042,Speaking,Speaking · Translanguaging %,Translanguaging %,36.2,4.1,120,Decline = Pre − Post on 0–100 scale
EMI-2022-043,Speaking,Speaking · Translanguaging %,Translanguaging %,52.4,6.4,120,Decline = Pre − Post on 0–100 scale
EMI-2022-044,Speaking,Speaking · Translanguaging %,Translanguaging %,47.7,5.7,120,Decline = Pre − Post on 0–100 scale
EMI-2022-045,Speaking,Speaking · Translanguaging %,Translanguaging %,43.4,6.7,120,Decline = Pre − Post on 0–100 scale
EMI-2022-046,Speaking,Speaking · Translanguaging %,Translanguaging %,50.7,8.4,120,Decline = Pre − Post on 0–100 scale
EMI-2022-047,Speaking,Speaking · Translanguaging %,Translanguaging %,47.2,10.3,120,Decline = Pre − Post on 0–100 scale
EMI-2022-048,Speaking,Speaking · Translanguaging %,Translanguaging %,36.8,5.4,120,Decline = Pre − Post on 0–100 scale
EMI-2022-049,Speaking,Speaking · Translanguaging %,Translanguaging %,41.4,8.4,120,Decline = Pre − Post on 0–100 scale
EMI-2022-050,Speaking,Speaking · Translanguaging %,Translanguaging %,38.7,4.0,120,Decline = Pre − Post on 0–100 scale
EMI-2022-051,Speaking,Speaking · Translanguaging %,Translanguaging %,52.4,10.3,120,Decline = Pre − Post on 0–100 scale
EMI-2022-052,Speaking,Speaking · Translanguaging %,Translanguaging %,39.4,6.6,120,Decline = Pre − Post on 0–100 scale
EMI-2022-053,Speaking,Speaking · Translanguaging %,Translanguaging %,51.6,3.2,120,Decline = Pre − Post on 0–100 scale
EMI-2022-054,Speaking,Speaking · Translanguaging %,Translanguaging %,52.2,10.3,120,Decline = Pre − Post on 0–100 scale
EMI-2022-055,Speaking,Speaking · Translanguaging %,Translanguaging %,65.9,14.2,120,Decline = Pre − Post on 0–100 scale
EMI-2022-056,Speaking,Speaking · Translanguaging %,Translanguaging %,53.8,7.8,120,Decline = Pre − Post on 0–100 scale
EMI-2022-057,Speaking,Speaking · Translanguaging %,Translanguaging %,47.5,3.7,120,Decline = Pre − Post on 0–100 scale
EMI-2022-058,Speaking,Speaking · Translanguaging %,Translanguaging %,44.3,4.6,120,Decline = Pre − Post on 0–100 scale
EMI-2022-059,Speaking,Speaking · Translanguaging %,Translanguaging %,50.6,3.4,120,Decline = Pre − Post on 0–100 scale
EMI-2022-060,Speaking,Speaking · Translanguaging %,Translanguaging %,51.6,5.3,120,Decline = Pre − Post on 0–100 scale
EMI-2022-061,Speaking,Speaking · Translanguaging %,Translanguaging %,48.7,10.8,120,Decline = Pre − Post on 0–100 scale
EMI-2022-062,Speaking,Speaking · Translanguaging %,Translanguaging %,59.8,13.2,120,Decline = Pre − Post on 0–100 scale
EMI-2022-063,Speaking,Speaking · Translanguaging %,Translanguaging %,52.0,7.7,120,Decline = Pre − Post on 0–100 scale
EMI-2022-064,Speaking,Speaking · Translanguaging %,Translanguaging %,51.0,10.7,120,Decline = Pre − Post on 0–100 scale
EMI-2022-065,Speaking,Speaking · Translanguaging %,Translanguaging %,57.0,6.5,120,Decline = Pre − Post on 0–100 scale
EMI-2022-066,Speaking,Speaking · Translanguaging %,Translanguaging %,48.5,6.5,120,Decline = Pre − Post on 0–100 scale
EMI-2022-067,Speaking,Speaking · Translanguaging %,Translanguaging %,62.1,16.6,120,Decline = Pre − Post on 0–100 scale
EMI-2022-068,Speaking,Speaking · Translanguaging %,Translanguaging %,46.7,5.4,120,Decline = Pre − Post on 0–100 scale
EMI-2022-069,Speaking,Speaking · Translanguaging %,Translanguaging %,48.4,10.5,120,Decline = Pre − Post on 0–100 scale
EMI-2022-070,Speaking,Speaking · Translanguaging %,Translanguaging %,50.7,12.5,120,Decline = Pre − Post on 0–100 scale
EMI-2022-071,Speaking,Speaking · Translanguaging %,Translanguaging %,37.7,5.1,120,Decline = Pre − Post on 0–100 scale
EMI-2022-072,Speaking,Speaking · Translanguaging %,Translanguaging %,33.2,3.8,120,Decline = Pre − Post on 0–100 scale
EMI-2022-073,Speaking,Speaking · Translanguaging %,Translanguaging %,44.7,5.0,120,Decline = Pre − Post on 0–100 scale
EMI-2022-074,Speaking,Speaking · Translanguaging %,Translanguaging %,39.8,-1.2,120,Decline = Pre − Post on 0–100 scale
EMI-2022-075,Speaking,Speaking · Translanguaging %,Translanguaging %,39.8,2.8,120,Decline = Pre − Post on 0–100 scale
EMI-2022-076,Speaking,Speaking · Translanguaging %,Translanguaging %,27.3,1.0,120,Decline = Pre − Post on 0–100 scale
EMI-2022-077,Speaking,Speaking · Translanguaging %,Translanguaging %,32.5,8.0,120,Decline = Pre − Post on 0–100 scale
EMI-2022-078,Speaking,Speaking · Translanguaging %,Translanguaging %,32.4,4.9,120,Decline = Pre − Post on 0–100 scale
EMI-2022-079,Speaking,Speaking · Translanguaging %,Translanguaging %,30.6,1.7,120,Decline = Pre − Post on 0–100 scale
EMI-2022-080,Speaking,Speaking · Translanguaging %,Translanguaging %,36.7,3.3,120,Decline = Pre − Post on 0–100 scale
EMI-2022-081,Speaking,Speaking · Translanguaging %,Translanguaging %,42.7,3.6,120,Decline = Pre − Post on 0–100 scale
EMI-2022-082,Speaking,Speaking · Translanguaging %,Translanguaging %,43.5,5.6,120,Decline = Pre − Post on 0–100 scale
EMI-2022-083,Speaking,Speaking · Translanguaging %,Translanguaging %,46.4,8.4,120,Decline = Pre − Post on 0–100 scale
EMI-2022-084,Speaking,Speaking · Translanguaging %,Translanguaging %,32.4,5.4,120,Decline = Pre − Post on 0–100 scale
EMI-2022-085,Speaking,Speaking · Translanguaging %,Translanguaging %,34.7,2.5,120,Decline = Pre − Post on 0–100 scale
EMI-2022-086,Speaking,Speaking · Translanguaging %,Translanguaging %,35.3,4.1,120,Decline = Pre − Post on 0–100 scale
EMI-2022-087,Speaking,Speaking · Translanguaging %,Translanguaging %,46.4,8.3,120,Decline = Pre − Post on 0–100 scale
EMI-2022-088,Speaking,Speaking · Translanguaging %,Translanguaging %,37.5,5.7,120,Decline = Pre − Post on 0–100 scale
EMI-2022-089,Speaking,Speaking · Translanguaging %,Translanguaging %,39.0,1.0,120,Decline = Pre − Post on 0–100 scale
EMI-2022-090,Speaking,Speaking · Translanguaging %,Translanguaging %,32.6,8.5,120,Decline = Pre − Post on 0–100 scale
EMI-2022-091,Speaking,Speaking · Translanguaging %,Translanguaging %,27.4,3.8,120,Decline = Pre − Post on 0–100 scale
EMI-2022-092,Speaking,Speaking · Translanguaging %,Translanguaging %,28.4,8.8,120,Decline = Pre − Post on 0–100 scale
EMI-2022-093,Speaking,Speaking · Translanguaging %,Translanguaging %,27.7,9.4,120,Decline = Pre − Post on 0–100 scale
EMI-2022-094,Speaking,Speaking · Translanguaging %,Translanguaging %,35.9,6.9,120,Decline = Pre − Post on 0–100 scale
EMI-2022-095,Speaking,Speaking · Translanguaging %,Translanguaging %,29.6,7.4,120,Decline = Pre − Post on 0–100 scale
EMI-2022-096,Speaking,Speaking · Translanguaging %,Translanguaging %,36.6,7.1,120,Decline = Pre − Post on 0–100 scale
EMI-2022-097,Speaking,Speaking · Translanguaging %,Translanguaging %,33.0,8.1,120,Decline = Pre − Post on 0–100 scale
EMI-2022-098,Speaking,Speaking · Translanguaging %,Translanguaging %,36.2,8.0,120,Decline = Pre − Post on 0–100 scale
EMI-2022-099,Speaking,Speaking · Translanguaging %,Translanguaging %,40.8,8.4,120,Decline = Pre − Post on 0–100 scale
EMI-2022-100,Speaking,Speaking · Translanguaging %,Translanguaging %,31.7,12.2,120,Decline = Pre − Post on 0–100 scale
EMI-2022-101,Speaking,Speaking · Translanguaging %,Translanguaging %,47.2,6.8,120,Decline = Pre − Post on 0–100 scale
EMI-2022-102,Speaking,Speaking · Translanguaging %,Translanguaging %,50.6,13.6,120,Decline = Pre − Post on 0–100 scale
EMI-2022-103,Speaking,Speaking · Translanguaging %,Translanguaging %,42.9,9.8,120,Decline = Pre − Post on 0–100 scale
EMI-2022-104,Speaking,Speaking · Translanguaging %,Translanguaging %,51.3,13.0,120,Decline = Pre − Post on 0–100 scale
EMI-2022-105,Speaking,Speaking · Translanguaging %,Translanguaging %,56.9,7.5,120,Decline = Pre − Post on 0–100 scale
EMI-2022-106,Speaking,Speaking · Translanguaging %,Translanguaging %,39.8,11.5,120,Decline = Pre − Post on 0–100 scale
EMI-2022-107,Speaking,Speaking · Translanguaging %,Translanguaging %,48.4,4.6,120,Decline = Pre − Post on 0–100 scale
EMI-2022-108,Speaking,Speaking · Translanguaging %,Translanguaging %,43.4,6.5,120,Decline = Pre − Post on 0–100 scale
EMI-2022-109,Speaking,Speaking · Translanguaging %,Translanguaging %,47.2,9.9,120,Decline = Pre − Post on 0–100 scale
EMI-2022-110,Speaking,Speaking · Translanguaging %,Translanguaging %,42.7,8.1,120,Decline = Pre − Post on 0–100 scale
EMI-2022-111,Speaking,Speaking · Translanguaging %,Translanguaging %,12.1,0.7,120,Decline = Pre − Post on 0–100 scale
EMI-2022-112,Speaking,Speaking · Translanguaging %,Translanguaging %,12.0,-8.0,120,Decline = Pre − Post on 0–100 scale
EMI-2022-113,Speaking,Speaking · Translanguaging %,Translanguaging %,16.0,-1.6,120,Decline = Pre − Post on 0–100 scale
EMI-2022-114,Speaking,Speaking · Translanguaging %,Translanguaging %,13.7,1.6,120,Decline = Pre − Post on 0–100 scale
EMI-2022-115,Speaking,Speaking · Translanguaging %,Translanguaging %,12.8,-3.2,120,Decline = Pre − Post on 0–100 scale
EMI-2022-116,Speaking,Speaking · Translanguaging %,Translanguaging %,15.5,0.2,120,Decline = Pre − Post on 0–100 scale
EMI-2022-117,Speaking,Speaking · Translanguaging %,Translanguaging %,18.1,-3.4,120,Decline = Pre − Post on 0–100 scale
EMI-2022-118,Speaking,Speaking · Translanguaging %,Translanguaging %,12.0,-7.1,120,Decline = Pre − Post on 0–100 scale
EMI-2022-119,Speaking,Speaking · Translanguaging %,Translanguaging %,18.2,3.1,120,Decline = Pre − Post on 0–100 scale
EMI-2022-120,Speaking,Speaking · Translanguaging %,Translanguaging %,14.0,-1.5,120,Decline = Pre − Post on 0–100 scale
