Student_ID,Major,Institutional_Overall,IELTS_Listening,IELTS_Reading,IELTS_Writing,IELTS_Speaking,IELTS_Overall,Source
EMI-2022-004,Mechanical Engineering,68.8,5.0,5.5,5.0,5.5,5.0,"Official IELTS Academic practice materials (ielts.org), exam conditions"
EMI-2022-006,Mechanical Engineering,63.9,5.0,5.5,5.0,5.0,5.0,"Official IELTS Academic practice materials (ielts.org), exam conditions"
EMI-2022-009,Mechanical Engineering,67.0,5.5,5.0,5.0,5.5,5.0,"Official IELTS Academic practice materials (ielts.org), exam conditions"
EMI-2022-011,Mechanical Engineering,78.4,6.0,6.5,5.5,6.0,6.0,"Official IELTS Academic practice materials (ielts.org), exam conditions"
EMI-2022-012,Mechanical Engineering,60.2,5.0,4.5,5.0,5.0,5.0,"Official IELTS Academic practice materials (ielts.org), exam conditions"
EMI-2022-013,Mechanical Engineering,60.2,5.0,5.5,4.5,4.5,5.0,"Official IELTS Academic practice materials (ielts.org), exam conditions"
EMI-2022-014,Mechanical Engineering,72.4,6.0,5.5,5.5,5.5,5.5,"Official IELTS Academic practice materials (ielts.org), exam conditions"
EMI-2022-018,Mechanical Engineering,60.2,5.5,5.0,5.0,4.5,5.0,"Official IELTS Academic practice materials (ielts.org), exam conditions"
EMI-2022-029,Mechanical Engineering,65.0,5.0,5.5,5.0,4.5,5.0,"Official IELTS Academic practice materials (ielts.org), exam conditions"
EMI-2022-030,Mechanical Engineering,60.2,5.0,5.0,5.0,5.0,5.0,"Official IELTS Academic practice materials (ielts.org), exam conditions"
EMI-2022-033,Mechanical Engineering,68.7,5.5,6.0,5.5,5.5,5.5,"Official IELTS Academic practice materials (ielts.org), exam conditions"
EMI-2022-038,Mechanical Engineering,63.1,5.0,5.0,5.5,5.0,5.0,"Official IELTS Academic practice materials (ielts.org), exam conditions"
EMI-2022-049,Chemical Engineering,70.4,5.5,6.5,5.5,6.0,6.0,"Official IELTS Academic practice materials (ielts.org), exam conditions"
EMI-2022-051,Chemical Engineering,65.7,5.5,5.0,5.5,5.0,5.0,"Official IELTS Academic practice materials (ielts.org), exam conditions"
EMI-2022-055,Chemical Engineering,68.7,5.5,5.0,5.5,5.5,5.5,"Official IELTS Academic practice materials (ielts.org), exam conditions"
EMI-2022-058,Chemical Engineering,62.9,5.0,5.0,5.0,5.0,5.0,"Official IELTS Academic practice materials (ielts.org), exam conditions"
EMI-2022-059,Chemical Engineering,61.3,5.5,5.0,5.0,5.0,5.0,"Official IELTS Academic practice materials (ielts.org), exam conditions"
EMI-2022-060,Chemical Engineering,64.6,5.0,5.5,5.0,5.0,5.0,"Official IELTS Academic practice materials (ielts.org), exam conditions"
EMI-2022-061,Chemical Engineering,64.1,5.5,5.0,5.0,5.0,5.0,"Official IELTS Academic practice materials (ielts.org), exam conditions"
EMI-2022-065,Chemical Engineering,68.6,5.5,6.0,5.5,5.5,5.5,"Official IELTS Academic practice materials (ielts.org), exam conditions"
EMI-2022-067,Chemical Engineering,66.9,5.5,5.5,5.5,5.0,5.5,"Official IELTS Academic practice materials (ielts.org), exam conditions"
EMI-2022-068,Chemical Engineering,65.7,5.5,6.0,5.0,5.5,5.5,"Official IELTS Academic practice materials (ielts.org), exam conditions"
EMI-2022-073,Chemical Engineering,63.1,5.0,5.0,5.0,5.0,5.0,"Official IELTS Academic practice materials (ielts.org), exam conditions"
EMI-2022-080,Chemical Engineering,67.5,5.5,5.0,5.0,5.0,5.0,"Official IELTS Academic practice materials (ielts.org), exam conditions"
EMI-2022-081,Electrical-Electronics Engineering,61.1,5.0,5.0,5.0,4.5,5.0,"Official IELTS Academic practice materials (ielts.org), exam conditions"
EMI-2022-083,Electrical-Electronics Engineering,65.3,5.0,5.0,5.5,5.5,5.0,"Official IELTS Academic practice materials (ielts.org), exam conditions"
EMI-2022-084,Electrical-Electronics Engineering,66.5,5.5,5.5,5.5,4.5,5.0,"Official IELTS Academic practice materials (ielts.org), exam conditions"
EMI-2022-088,Electrical-Electronics Engineering,65.6,5.5,5.5,5.0,5.5,5.5,"Official IELTS Academic practice materials (ielts.org), exam conditions"
EMI-2022-093,Electrical-Electronics Engineering,66.4,5.0,5.5,5.0,5.5,5.0,"Official IELTS Academic practice materials (ielts.org), exam conditions"
EMI-2022-094,Electrical-Electronics Engineering,68.1,5.0,5.5,5.0,5.5,5.0,"Official IELTS Academic practice materials (ielts.org), exam conditions"
EMI-2022-095,Electrical-Electronics Engineering,70.8,5.5,5.5,5.5,5.5,5.5,"Official IELTS Academic practice materials (ielts.org), exam conditions"
EMI-2022-104,Electrical-Electronics Engineering,65.4,5.5,5.5,5.5,4.5,5.0,"Official IELTS Academic practice materials (ielts.org), exam conditions"
EMI-2022-105,Electrical-Electronics Engineering,81.4,6.0,6.0,6.5,6.5,6.0,"Official IELTS Academic practice materials (ielts.org), exam conditions"
EMI-2022-110,Electrical-Electronics Engineering,73.6,6.0,6.0,5.0,5.5,5.5,"Official IELTS Academic practice materials (ielts.org), exam conditions"
EMI-2022-111,Electrical-Electronics Engineering,70.0,5.5,6.0,5.5,5.5,5.5,"Official IELTS Academic practice materials (ielts.org), exam conditions"
EMI-2022-112,Electrical-Electronics Engineering,67.6,5.0,5.5,5.0,5.0,5.0,"Official IELTS Academic practice materials (ielts.org), exam conditions"
