Student_ID,Lecturer_ID,Major,Gender,Age_at_pre_PYP_exit,Age_at_post_graduation,Pre_Listening,Pre_Reading,Pre_Writing,Pre_Speaking,Pre_Overall,Post_Listening,Post_Reading,Post_Writing,Post_Speaking,Post_Overall,Decline_Listening,Decline_Reading,Decline_Writing,Decline_Speaking,Decline_Overall,Lecturer_Est_English,Underrating_Gap,TL_percent,PU1,TL1,EAP1,WTC1,SE1,PU2,TL2,EAP2,WTC2,SE2,PU3,TL3,EAP3,WTC3,SE3,PU4,TL4,EAP4,WTC4,SE4,PU5,TL5,EAP5,WTC5,SE5,PU_mean,TL_mean,EAP_mean,WTC_mean,SE_mean,Pre_L_S1,Pre_R_S1,Post_L_S1,Post_R_S1,Pre_L_S2,Pre_R_S2,Post_L_S2,Post_R_S2,Pre_L_S3,Pre_R_S3,Post_L_S3,Post_R_S3,Pre_L_S4,Pre_R_S4,Post_L_S4,Post_R_S4,IELTS_subsample
EMI-2022-001,L01,Mechanical Engineering,Male,19,23,59.0,61.9,60.6,59.0,60.1,56.2,65.5,64.6,54.4,60.2,2.8,-3.6,-4.0,4.6,-0.1,50.5,9.6,44.5,3,4,4,3,3,3,3,5,3,3,3,5,4,4,3,4,4,4,4,4,3,4,5,2,3,3.2,4.0,4.4,3.2,3.2,13.7,14.5,14.2,15.8,15.8,15.2,13.9,16.9,14.1,16.7,14.2,17.0,15.4,15.4,13.8,15.8,No
EMI-2022-002,L01,Mechanical Engineering,Female,18,22,62.0,66.4,73.4,66.0,67.0,59.7,67.6,70.9,63.9,65.5,2.3,-1.2,2.5,2.1,1.5,60.8,6.2,37.3,2,4,3,5,5,2,3,3,5,5,2,3,4,5,5,2,4,3,4,5,2,3,4,5,5,2.0,3.4,3.4,4.8,5.0,14.3,15.8,14.7,15.7,15.2,17.0,12.1,16.3,16.1,17.1,17.8,18.2,16.4,16.5,15.1,17.4,No
EMI-2022-003,L01,Mechanical Engineering,Female,18,22,63.8,65.7,59.3,67.0,64.0,67.2,67.7,58.7,62.2,64.0,-3.4,-2.0,0.6,4.8,0.0,56.5,7.5,51.1,3,4,3,3,4,3,3,4,3,2,2,3,4,5,4,2,3,4,3,4,2,3,4,4,4,2.4,3.2,3.8,3.6,3.6,17.4,16.1,17.5,18.4,15.8,15.8,17.7,17.4,14.2,17.1,14.8,15.5,16.4,16.7,17.1,16.4,No
EMI-2022-004,L01,Mechanical Engineering,Female,18,22,67.7,72.7,67.9,66.7,68.8,62.6,75.1,68.2,56.3,65.6,5.1,-2.4,-0.3,10.4,3.2,57.1,11.7,44.0,5,3,4,3,5,5,4,5,3,4,4,3,4,2,5,4,2,4,2,4,4,3,5,3,5,4.4,3.0,4.4,2.6,4.6,17.9,17.7,15.2,19.5,18.2,18.4,15.4,17.9,15.2,18.9,16.3,18.5,16.4,17.7,15.5,19.1,Yes
EMI-2022-005,L01,Mechanical Engineering,Male,18,22,68.9,66.8,66.6,65.2,66.9,68.3,70.5,69.4,57.4,66.4,0.6,-3.7,-2.8,7.8,0.5,58.3,8.6,47.6,2,4,4,4,4,1,4,4,4,5,2,5,4,4,4,2,4,4,3,4,3,4,3,3,5,2.0,4.2,3.8,3.6,4.4,18.5,18.8,17.4,17.7,16.1,15.8,17.8,18.0,17.6,16.1,17.0,16.3,16.7,16.1,16.0,18.5,No
EMI-2022-006,L01,Mechanical Engineering,Female,20,24,63.8,65.8,62.8,63.3,63.9,58.7,66.7,67.9,58.4,62.9,5.1,-0.9,-5.1,4.9,1.0,58.6,5.3,33.1,2,3,5,4,5,2,3,4,4,5,4,3,5,5,3,4,3,4,3,4,3,4,4,4,5,3.0,3.2,4.4,4.0,4.4,14.9,16.8,14.9,15.3,14.3,17.2,14.2,16.6,16.8,14.4,16.2,16.7,17.8,17.5,13.4,18.0,Yes
EMI-2022-007,L01,Mechanical Engineering,Male,20,24,57.1,63.8,60.4,59.2,60.1,56.9,65.3,63.3,52.8,59.6,0.2,-1.5,-2.9,6.4,0.5,51.2,8.9,39.8,3,4,4,4,4,2,4,5,3,3,3,4,4,3,4,3,4,4,2,3,3,4,4,3,3,2.8,4.0,4.2,3.0,3.4,13.7,17.1,14.0,16.9,16.1,15.3,14.3,15.7,12.2,16.7,15.7,15.4,15.2,14.7,12.8,17.3,No
EMI-2022-008,L01,Mechanical Engineering,Female,21,25,61.8,66.4,66.8,71.1,66.5,59.3,60.7,70.9,59.1,62.5,2.5,5.7,-4.1,12.0,4.0,56.9,9.6,51.0,2,5,4,4,4,3,5,5,4,4,2,5,5,3,3,2,4,4,4,4,1,5,4,2,3,2.0,4.8,4.4,3.4,3.6,14.2,18.3,15.3,15.3,15.4,16.1,14.8,13.6,15.8,16.0,13.9,16.1,16.4,16.0,15.1,15.7,No
EMI-2022-009,L01,Mechanical Engineering,Male,21,25,70.9,64.7,61.9,70.6,67.0,68.9,63.2,58.7,62.8,63.4,2.0,1.5,3.2,7.8,3.6,54.9,12.1,49.4,4,3,4,3,2,4,4,4,2,4,4,4,4,3,3,3,4,4,3,4,4,3,4,4,4,3.8,3.6,4.0,3.0,3.4,17.9,15.7,16.3,14.7,18.0,18.4,15.6,14.6,17.8,14.1,17.1,18.3,17.2,16.5,19.7,15.6,Yes
EMI-2022-010,L01,Mechanical Engineering,Male,20,24,70.8,68.4,64.8,64.9,67.2,68.3,64.7,57.7,58.3,62.2,2.5,3.7,7.1,6.6,5.0,60.8,6.4,43.2,2,4,5,4,5,4,3,4,5,4,2,3,4,3,5,4,3,3,3,4,4,3,4,4,5,3.2,3.2,4.0,3.8,4.6,18.1,19.0,17.4,16.3,17.6,15.6,18.5,17.5,18.0,16.7,16.4,15.1,17.0,17.1,15.8,15.8,No
EMI-2022-011,L02,Mechanical Engineering,Female,18,22,80.1,80.2,75.9,77.2,78.4,79.8,81.8,84.2,72.6,79.6,0.3,-1.6,-8.3,4.6,-1.2,72.4,6.0,13.3,2,3,3,3,5,2,2,2,4,5,2,2,3,4,4,2,2,2,5,4,2,2,2,5,5,2.0,2.2,2.4,4.2,4.6,19.8,20.1,18.1,19.8,18.9,18.1,22.1,20.0,20.8,22.7,18.3,21.7,20.6,19.3,21.2,20.3,Yes
EMI-2022-012,L02,Mechanical Engineering,Male,18,22,60.3,62.2,58.1,60.0,60.2,61.9,67.9,57.6,63.0,62.6,-1.6,-5.7,0.5,-3.0,-2.4,54.1,6.1,13.4,3,1,2,5,3,3,1,2,4,4,2,1,2,4,4,3,1,2,4,4,3,1,2,4,4,2.8,1.0,2.0,4.2,3.8,16.2,15.2,15.0,16.3,14.6,16.3,13.6,18.1,13.1,15.8,16.2,17.3,16.4,15.0,17.0,16.2,Yes
EMI-2022-013,L02,Mechanical Engineering,Male,20,24,63.0,64.7,54.4,58.5,60.2,67.3,64.1,57.2,58.2,61.7,-4.3,0.6,-2.8,0.3,-1.5,56.3,3.9,12.0,2,2,2,5,5,2,1,2,4,4,2,2,2,5,4,2,2,3,5,4,1,2,2,5,4,1.8,1.8,2.2,4.8,4.2,14.3,15.4,17.0,17.0,16.0,14.5,17.3,15.3,16.5,17.8,15.6,14.8,16.2,17.1,17.3,17.0,Yes
EMI-2022-014,L02,Mechanical Engineering,Male,20,24,79.9,70.1,70.4,69.3,72.4,77.5,67.8,73.3,68.1,71.7,2.4,2.3,-2.9,1.2,0.7,65.4,7.0,12.0,3,2,3,5,3,3,2,3,5,3,2,2,2,4,3,2,2,2,5,4,3,2,2,5,4,2.6,2.0,2.4,4.8,3.4,19.9,18.5,20.7,17.5,18.3,17.5,17.7,16.3,20.7,17.8,18.8,16.7,21.0,16.2,20.2,17.2,Yes
EMI-2022-015,L02,Mechanical Engineering,Female,19,23,72.7,67.2,63.1,66.8,67.4,71.5,72.6,68.3,66.1,69.6,1.2,-5.4,-5.2,0.7,-2.2,59.5,7.9,28.0,3,3,2,2,4,5,3,2,3,5,3,3,2,3,4,5,3,2,4,4,3,2,3,3,3,3.8,2.8,2.2,3.0,4.0,16.9,18.4,17.0,18.5,18.6,17.6,18.2,17.7,19.6,15.3,18.4,17.4,17.6,15.9,17.7,19.0,No
EMI-2022-016,L02,Mechanical Engineering,Male,18,22,74.8,72.3,70.4,70.1,71.9,69.5,72.1,74.8,60.2,69.1,5.3,0.2,-4.4,9.9,2.8,62.4,9.5,28.9,3,4,3,3,3,2,3,2,3,3,2,4,3,3,5,3,3,2,3,4,2,3,2,3,4,2.4,3.4,2.4,3.0,3.8,17.8,18.3,17.3,19.0,20.8,18.6,17.5,16.9,18.1,17.1,16.6,17.6,18.1,18.4,18.0,18.7,No
EMI-2022-017,L02,Mechanical Engineering,Male,18,22,71.3,65.4,68.6,67.1,68.1,67.5,68.8,70.0,66.4,68.2,3.8,-3.4,-1.4,0.7,-0.1,60.3,7.8,15.4,3,3,1,5,4,4,3,2,5,4,3,3,2,4,4,3,3,3,5,3,4,3,3,4,4,3.4,3.0,2.2,4.6,3.8,15.9,16.2,14.6,16.6,18.1,17.6,17.3,18.1,17.8,15.9,17.4,17.8,19.5,15.7,18.2,16.3,No
EMI-2022-018,L02,Mechanical Engineering,Male,18,22,64.2,58.2,59.3,58.9,60.2,67.4,58.3,60.7,60.0,61.6,-3.2,-0.1,-1.4,-1.1,-1.4,51.2,9.0,21.6,3,3,2,4,5,3,3,2,3,4,3,4,3,4,4,2,3,3,5,4,2,4,3,4,3,2.6,3.4,2.6,4.0,4.0,14.5,16.1,16.9,16.2,17.5,14.5,18.0,11.9,16.7,13.8,17.8,15.5,15.5,13.9,14.6,14.7,Yes
EMI-2022-019,L02,Mechanical Engineering,Male,18,22,62.0,65.4,62.7,63.2,63.3,56.7,64.0,61.6,58.7,60.2,5.3,1.4,1.1,4.5,3.1,55.7,7.6,22.8,3,3,2,4,5,3,2,2,4,5,2,3,3,4,5,2,2,2,4,5,2,2,3,3,5,2.4,2.4,2.4,3.8,5.0,15.1,17.2,14.9,17.9,17.5,16.1,14.6,15.0,13.6,16.4,13.7,15.4,15.8,15.7,13.3,15.7,No
EMI-2022-020,L02,Mechanical Engineering,Male,20,24,63.4,62.5,63.0,59.4,62.1,68.9,65.3,66.0,54.0,63.6,-5.5,-2.8,-3.0,5.4,-1.5,48.9,13.2,24.7,3,3,2,3,5,3,3,2,3,4,3,4,3,3,4,4,3,2,4,5,4,3,1,4,4,3.4,3.2,2.0,3.4,4.4,15.3,14.9,18.2,17.3,16.4,16.3,17.8,14.8,16.0,15.7,15.0,15.6,15.8,15.6,17.8,17.6,No
EMI-2022-021,L03,Mechanical Engineering,Male,18,22,68.5,74.9,74.6,74.5,73.1,70.9,74.3,75.9,70.1,72.8,-2.4,0.6,-1.3,4.4,0.3,65.5,7.6,31.9,3,4,4,4,4,2,3,2,4,4,3,3,3,3,3,4,4,3,4,5,4,3,3,4,4,3.2,3.4,3.0,3.8,4.0,17.5,18.8,17.8,19.1,17.5,19.4,17.9,19.5,16.4,18.5,17.6,17.6,17.0,18.2,17.5,18.1,No
EMI-2022-022,L03,Mechanical Engineering,Male,19,23,66.9,67.8,68.3,63.0,66.5,70.1,65.2,71.2,64.5,67.8,-3.2,2.6,-2.9,-1.5,-1.3,60.6,5.9,22.2,3,3,2,4,5,3,3,3,4,5,2,4,3,4,5,2,3,2,5,5,3,3,3,4,4,2.6,3.2,2.6,4.2,4.8,16.8,16.8,17.2,16.4,18.9,18.3,17.8,15.5,14.2,17.5,17.9,16.3,17.0,15.2,17.1,17.1,No
EMI-2022-023,L03,Mechanical Engineering,Male,18,22,75.2,76.2,71.9,76.4,74.9,77.5,81.1,72.4,80.5,77.9,-2.3,-4.9,-0.5,-4.1,-3.0,71.1,3.8,27.8,3,2,2,5,4,2,3,3,5,5,2,3,2,5,5,2,3,2,4,5,2,3,3,5,4,2.2,2.8,2.4,4.8,4.6,17.7,18.7,20.4,19.9,18.7,19.3,17.8,19.5,20.6,17.9,22.0,20.9,18.3,20.2,17.2,20.8,No
EMI-2022-024,L03,Mechanical Engineering,Male,19,23,68.0,68.2,65.9,70.0,68.0,68.5,67.9,65.6,66.2,67.0,-0.5,0.3,0.3,3.8,1.0,65.0,3.0,13.1,2,2,2,5,4,2,2,2,5,5,2,2,2,4,5,3,1,2,5,5,2,1,2,5,4,2.2,1.6,2.0,4.8,4.6,18.0,15.5,17.0,17.8,16.0,17.1,18.0,16.4,17.0,17.4,16.9,16.6,16.9,18.2,16.4,17.0,No
EMI-2022-025,L03,Mechanical Engineering,Male,19,23,74.6,74.9,76.1,73.8,74.8,70.5,80.0,78.4,73.9,75.7,4.1,-5.1,-2.3,-0.1,-0.9,69.0,5.8,19.9,2,3,3,5,4,3,3,3,5,5,3,4,3,5,4,3,3,3,5,4,3,3,2,5,4,2.8,3.2,2.8,5.0,4.2,18.0,19.3,19.3,19.1,18.9,20.0,18.4,19.7,18.7,17.6,16.1,19.8,19.0,18.0,16.7,21.4,No
EMI-2022-026,L03,Mechanical Engineering,Male,21,25,62.2,66.3,64.5,64.2,64.3,71.3,66.0,69.2,68.9,68.8,-9.1,0.3,-4.7,-4.7,-4.5,60.4,3.9,13.3,2,3,3,4,5,2,3,3,5,4,1,3,3,5,5,2,3,3,5,5,1,3,3,5,5,1.6,3.0,3.0,4.8,4.8,15.9,17.7,19.5,16.8,15.2,16.7,16.1,15.9,16.8,16.9,17.5,15.3,14.3,15.0,18.1,18.0,No
EMI-2022-027,L03,Mechanical Engineering,Male,20,24,58.2,61.8,61.5,59.2,60.2,55.3,62.6,67.4,52.8,59.5,2.9,-0.8,-5.9,6.4,0.7,50.2,10.0,38.2,3,3,3,2,4,4,3,2,3,4,3,4,3,2,3,4,4,3,3,4,3,3,2,2,4,3.4,3.4,2.6,2.4,3.8,13.7,14.9,13.8,14.3,14.3,14.4,13.9,17.2,16.4,15.6,14.2,16.4,13.8,17.0,13.3,14.7,No
EMI-2022-028,L03,Mechanical Engineering,Male,21,25,63.7,65.4,65.0,61.1,63.8,56.9,65.7,68.1,56.5,61.8,6.8,-0.3,-3.1,4.6,2.0,55.4,8.4,30.4,3,4,3,4,4,3,4,3,4,4,3,4,2,4,5,3,3,3,5,5,3,3,3,5,5,3.0,3.6,2.8,4.4,4.6,16.6,17.1,14.8,14.9,14.7,16.2,14.8,16.1,17.3,15.3,13.3,16.8,15.1,16.9,13.8,17.9,No
EMI-2022-029,L03,Mechanical Engineering,Male,19,23,67.5,64.8,64.0,63.5,65.0,61.6,63.6,57.4,65.1,61.9,5.9,1.2,6.6,-1.6,3.1,57.6,7.4,27.3,3,3,2,3,5,3,3,2,4,5,4,3,3,4,4,3,3,3,5,5,3,3,3,5,5,3.2,3.0,2.6,4.2,4.8,17.4,16.9,15.6,16.9,16.4,15.3,14.4,16.0,16.0,14.3,16.3,15.9,17.7,18.3,15.3,14.8,Yes
EMI-2022-030,L03,Mechanical Engineering,Male,19,23,63.4,57.6,61.1,58.5,60.2,64.9,62.0,65.0,59.4,62.8,-1.5,-4.4,-3.9,-0.9,-2.6,52.2,8.0,31.5,2,2,3,4,4,3,2,3,4,4,3,3,3,4,4,3,3,2,5,4,2,2,2,4,3,2.6,2.4,2.6,4.2,3.8,16.1,13.8,18.5,13.7,15.7,14.6,15.7,15.3,14.9,13.2,14.5,17.0,16.6,15.9,16.2,16.0,Yes
EMI-2022-031,L04,Mechanical Engineering,Female,19,23,81.7,81.7,78.4,78.2,80.0,79.8,82.7,78.0,68.8,77.3,1.9,-1.0,0.4,9.4,2.7,69.5,10.5,35.8,4,3,2,3,3,4,3,2,4,2,3,3,3,3,3,4,4,3,3,3,3,3,2,3,2,3.6,3.2,2.4,3.2,2.6,21.7,19.4,19.1,20.9,21.2,20.6,20.3,22.4,18.0,20.7,18.7,18.2,20.8,21.0,21.6,21.1,No
EMI-2022-032,L04,Mechanical Engineering,Male,19,23,70.0,72.4,63.7,73.3,69.9,69.3,72.1,62.5,64.8,67.2,0.7,0.3,1.2,8.5,2.7,60.9,9.0,46.9,2,4,1,5,4,2,4,2,4,5,4,4,2,5,3,3,4,2,5,5,3,3,2,5,3,2.8,3.8,1.8,4.8,4.0,16.6,17.2,17.4,18.1,17.9,18.3,16.2,16.9,16.1,18.9,17.8,18.3,19.4,18.0,17.9,18.8,No
EMI-2022-033,L04,Mechanical Engineering,Female,20,24,69.2,69.7,66.2,69.6,68.7,74.7,76.5,67.4,68.7,71.8,-5.5,-6.8,-1.2,0.9,-3.1,62.2,6.5,23.5,3,4,2,5,5,3,3,3,4,4,2,4,2,5,5,2,4,2,5,4,3,3,2,5,5,2.6,3.6,2.2,4.8,4.6,19.3,18.3,17.8,20.2,16.4,16.0,18.9,19.4,18.0,17.1,20.5,19.8,15.6,18.3,17.3,17.2,Yes
EMI-2022-034,L04,Mechanical Engineering,Female,19,23,57.9,58.6,65.9,58.2,60.2,59.0,62.2,62.9,56.4,60.1,-1.1,-3.6,3.0,1.8,0.1,54.8,5.4,27.7,2,3,3,3,5,2,3,2,4,5,1,2,3,3,5,1,2,2,4,5,2,3,3,4,4,1.6,2.6,2.6,3.6,4.8,13.4,15.3,13.7,14.8,15.1,15.2,16.0,16.4,15.8,14.0,13.6,15.0,13.6,14.1,15.6,15.9,No
EMI-2022-035,L04,Mechanical Engineering,Male,18,22,62.1,64.9,57.0,60.8,61.2,54.7,65.5,56.3,55.4,58.0,7.4,-0.6,0.7,5.4,3.2,51.5,9.7,36.9,3,3,1,3,4,2,4,3,4,4,4,4,2,3,3,4,4,2,3,2,3,3,2,4,4,3.2,3.6,2.0,3.4,3.4,16.1,16.0,12.0,16.9,15.4,16.3,13.0,14.9,15.3,16.7,15.2,16.7,15.3,15.9,14.4,17.0,No
EMI-2022-036,L04,Mechanical Engineering,Male,18,22,68.7,66.9,65.9,72.3,68.4,74.5,68.3,62.2,63.4,67.1,-5.8,-1.4,3.7,8.9,1.3,53.0,15.4,44.9,3,3,3,3,3,4,3,3,3,3,4,3,2,3,3,4,3,2,3,3,4,3,2,3,3,3.8,3.0,2.4,3.0,3.0,17.0,14.8,18.2,14.5,17.5,16.2,19.0,17.7,16.2,17.4,18.2,16.6,18.0,18.6,19.0,19.4,No
EMI-2022-037,L04,Mechanical Engineering,Male,20,24,66.1,69.1,69.0,69.3,68.4,61.0,69.0,65.0,60.8,64.0,5.1,0.1,4.0,8.5,4.4,56.1,12.3,36.1,3,4,2,5,3,4,4,2,4,3,4,4,3,4,4,4,4,3,5,4,4,4,2,4,4,3.8,4.0,2.4,4.4,3.6,17.6,15.0,16.1,15.9,16.8,19.5,15.3,18.0,16.4,17.2,14.5,17.9,15.4,17.5,15.1,17.2,No
EMI-2022-038,L04,Mechanical Engineering,Male,18,22,62.9,65.9,61.9,61.6,63.1,57.8,65.2,66.2,57.2,61.6,5.1,0.7,-4.3,4.4,1.5,54.8,8.3,30.6,2,3,4,4,5,2,3,3,5,4,4,3,3,5,4,2,3,3,3,4,2,3,2,4,4,2.4,3.0,3.0,4.2,4.2,16.0,16.1,16.1,18.3,15.9,16.8,14.3,16.7,15.3,16.3,14.1,16.4,15.7,16.7,13.3,13.8,Yes
EMI-2022-039,L04,Mechanical Engineering,Male,19,23,65.1,65.2,67.5,64.1,65.5,66.5,68.6,75.6,62.8,68.4,-1.4,-3.4,-8.1,1.3,-2.9,57.1,8.4,20.9,4,4,3,4,4,4,4,2,5,5,4,3,3,4,5,4,4,3,5,4,4,3,3,4,5,4.0,3.6,2.8,4.4,4.6,15.6,15.2,14.9,17.3,18.7,16.7,17.6,17.7,14.6,15.8,16.5,16.8,16.2,17.5,17.4,16.8,No
EMI-2022-040,L04,Mechanical Engineering,Male,21,25,69.1,66.3,73.5,64.0,68.2,70.1,67.1,71.8,59.0,67.0,-1.0,-0.8,1.7,5.0,1.2,59.6,8.6,31.5,3,2,3,5,4,3,4,3,5,4,3,3,3,5,5,3,3,3,5,5,3,3,3,5,4,3.0,3.0,3.0,5.0,4.4,17.3,15.3,17.8,18.2,17.6,19.4,16.7,15.1,17.8,14.0,18.6,15.9,16.4,17.6,16.9,17.9,No
EMI-2022-041,L05,Chemical Engineering,Female,20,24,64.9,57.5,60.7,57.5,60.2,63.1,62.8,59.8,49.6,58.8,1.8,-5.3,0.9,7.9,1.4,52.8,7.4,44.4,2,4,3,3,2,2,3,3,4,3,2,3,2,3,3,3,4,3,3,3,1,3,3,4,3,2.0,3.4,2.8,3.4,2.8,16.6,14.1,16.3,15.7,16.5,14.8,14.6,15.7,16.9,12.8,15.7,15.9,14.8,15.8,16.4,15.5,No
EMI-2022-042,L05,Chemical Engineering,Female,19,23,64.7,71.9,72.9,61.5,67.8,68.3,70.5,70.5,58.1,66.9,-3.6,1.4,2.4,3.4,0.9,65.3,2.5,36.2,2,3,4,5,4,2,3,5,5,5,2,4,5,5,4,3,3,4,5,4,3,4,5,4,4,2.4,3.4,4.6,4.8,4.2,16.5,17.8,16.0,18.9,17.7,17.3,17.6,16.5,16.2,16.9,17.9,16.5,14.3,19.9,16.8,18.5,No
EMI-2022-043,L05,Chemical Engineering,Female,20,24,63.6,68.2,65.8,61.0,64.6,62.4,68.8,65.8,54.5,62.9,1.2,-0.6,0.0,6.5,1.7,58.5,6.1,52.4,3,4,3,4,5,3,3,5,4,5,4,4,4,3,5,3,3,4,3,5,2,3,4,4,5,3.0,3.4,4.0,3.6,5.0,16.0,17.0,17.0,17.2,15.0,17.4,14.9,17.1,16.7,16.8,15.3,15.9,15.9,17.1,15.1,18.6,No
EMI-2022-044,L05,Chemical Engineering,Male,20,24,68.1,62.3,62.9,68.9,65.6,66.2,62.4,62.3,63.4,63.6,1.9,-0.1,0.6,5.5,2.0,59.7,5.9,47.7,4,5,5,3,4,4,5,5,4,5,2,5,4,3,4,3,5,4,3,5,3,5,4,4,5,3.2,5.0,4.4,3.4,4.6,16.7,14.1,15.5,15.3,17.2,16.9,17.5,14.7,17.0,16.6,16.6,17.7,17.1,14.7,16.5,14.8,No
EMI-2022-045,L05,Chemical Engineering,Female,19,23,59.9,64.6,62.3,64.5,62.8,62.9,71.9,64.4,57.9,64.3,-3.0,-7.3,-2.1,6.6,-1.5,58.4,4.4,43.4,2,3,5,4,5,2,4,3,5,5,2,4,4,3,5,2,3,4,4,5,2,3,4,4,5,2.0,3.4,4.0,4.0,5.0,15.7,17.8,15.1,17.6,15.3,16.7,14.9,17.4,14.9,15.3,17.0,18.5,14.1,14.9,15.8,18.3,No
EMI-2022-046,L05,Chemical Engineering,Male,20,24,64.2,66.4,64.2,63.8,64.6,65.7,66.9,65.6,55.1,63.3,-1.5,-0.5,-1.4,8.7,1.3,56.7,7.9,50.7,4,3,3,4,3,3,3,3,3,4,4,3,4,4,3,4,3,4,3,3,3,3,4,3,5,3.6,3.0,3.6,3.4,3.6,18.8,16.1,15.5,16.3,13.0,16.5,18.2,16.6,15.7,17.4,16.5,16.8,16.6,16.5,15.3,17.2,No
EMI-2022-047,L05,Chemical Engineering,Male,20,24,62.5,72.9,62.5,61.6,64.9,63.8,76.2,65.0,51.4,64.1,-1.3,-3.3,-2.5,10.2,0.8,60.4,4.5,47.2,2,4,4,3,5,3,4,4,4,4,3,5,4,4,4,2,4,3,4,5,3,4,4,3,3,2.6,4.2,3.8,3.6,4.2,16.1,19.5,17.2,18.5,14.6,18.5,14.8,19.6,16.5,16.8,14.8,20.1,15.2,18.1,17.0,18.0,No
EMI-2022-048,L05,Chemical Engineering,Male,19,23,68.9,73.2,72.0,70.4,71.1,63.9,72.5,70.4,65.3,68.0,5.0,0.7,1.6,5.1,3.1,67.8,3.3,36.8,1,2,4,5,4,2,3,3,4,4,2,3,5,4,4,3,2,4,5,4,1,3,4,4,5,1.8,2.6,4.0,4.4,4.2,17.5,19.8,15.0,17.4,16.5,17.1,16.7,19.9,18.2,17.9,16.6,17.2,16.7,18.4,15.6,18.0,No
EMI-2022-049,L05,Chemical Engineering,Male,21,25,67.2,72.2,69.1,73.2,70.4,63.9,73.5,67.7,64.6,67.4,3.3,-1.3,1.4,8.6,3.0,64.1,6.3,41.4,2,3,4,4,3,2,4,3,4,3,4,3,3,4,4,3,3,4,4,2,3,4,3,5,3,2.8,3.4,3.4,4.2,3.0,16.0,18.6,15.7,18.0,17.4,17.9,16.6,17.5,17.1,17.8,16.7,18.9,16.7,18.0,14.9,19.2,Yes
EMI-2022-050,L05,Chemical Engineering,Male,19,23,65.8,64.9,60.3,70.0,65.2,61.6,63.3,60.8,66.2,63.0,4.2,1.6,-0.5,3.8,2.2,61.8,3.4,38.7,3,5,4,4,5,3,3,4,4,4,3,4,4,4,5,2,4,4,4,5,2,3,4,4,4,2.6,3.8,4.0,4.0,4.6,17.4,16.8,16.6,16.3,17.1,14.8,15.9,15.2,14.9,15.0,14.7,17.7,16.4,18.4,14.3,14.0,No
EMI-2022-051,L06,Chemical Engineering,Female,19,23,65.2,64.3,67.1,66.1,65.7,69.4,62.0,71.3,55.6,64.6,-4.2,2.3,-4.2,10.5,1.1,56.8,8.9,52.4,4,4,5,2,4,4,4,4,2,1,4,4,4,4,2,4,4,2,3,3,4,3,4,3,2,4.0,3.8,3.8,2.8,2.4,16.0,15.0,18.0,15.1,16.4,16.6,16.7,15.8,16.8,15.8,16.4,15.4,16.0,16.9,18.2,15.7,Yes
EMI-2022-052,L06,Chemical Engineering,Female,20,24,73.2,73.5,68.3,69.4,71.1,75.7,75.9,70.0,62.6,71.1,-2.5,-2.4,-1.7,6.8,0.0,65.8,5.3,39.4,2,4,3,4,4,3,4,3,3,5,3,4,3,2,5,3,4,3,2,4,3,4,4,3,4,2.8,4.0,3.2,2.8,4.4,17.0,19.4,19.0,18.6,18.5,17.7,20.5,18.7,18.1,17.7,19.1,18.2,19.5,18.7,16.9,20.5,No
EMI-2022-053,L06,Chemical Engineering,Female,20,24,64.9,65.1,67.6,64.5,65.5,68.2,65.3,76.9,60.9,67.8,-3.3,-0.2,-9.3,3.6,-2.3,56.7,8.8,51.6,3,3,4,3,4,3,3,3,4,2,3,3,4,4,4,3,3,4,3,4,4,3,4,3,4,3.2,3.0,3.8,3.4,3.6,16.1,16.9,16.2,16.7,15.0,18.1,16.8,16.7,16.0,15.3,18.0,15.9,17.8,14.8,17.1,16.0,No
EMI-2022-054,L06,Chemical Engineering,Female,20,24,73.7,70.0,69.5,69.4,70.6,67.9,67.3,69.2,58.9,65.8,5.8,2.7,0.3,10.5,4.8,62.3,8.3,52.2,2,3,4,4,5,3,3,4,4,3,3,4,4,4,3,3,4,4,4,4,2,4,4,4,3,2.6,3.6,4.0,4.0,3.6,19.0,18.0,15.8,16.7,17.8,17.4,17.1,16.6,20.3,18.1,17.2,18.3,16.6,16.4,17.6,15.7,No
EMI-2022-055,L06,Chemical Engineering,Male,20,24,71.1,64.3,69.5,69.9,68.7,64.9,62.7,69.4,54.6,62.9,6.2,1.6,0.1,15.3,5.8,52.8,15.9,65.9,4,5,3,2,3,5,5,2,2,2,5,5,4,3,3,5,5,4,2,3,5,4,3,3,3,4.8,4.8,3.2,2.4,2.8,18.5,16.6,16.6,16.1,18.3,17.6,14.1,16.4,16.6,15.4,16.7,15.3,17.7,14.7,17.4,14.9,Yes
EMI-2022-056,L06,Chemical Engineering,Male,19,23,71.6,67.7,67.4,70.7,69.4,65.4,74.3,67.7,62.3,67.4,6.2,-6.6,-0.3,8.4,2.0,62.2,7.2,53.8,2,4,3,5,5,1,3,3,4,4,2,4,3,5,5,2,4,4,4,4,1,4,4,3,5,1.6,3.8,3.4,4.2,4.6,19.2,16.5,16.3,18.8,18.0,17.1,16.1,17.9,17.4,18.0,16.1,19.7,17.1,16.2,16.8,18.0,No
EMI-2022-057,L06,Chemical Engineering,Male,18,22,67.1,67.9,64.8,68.1,67.0,69.6,68.8,68.0,63.6,67.5,-2.5,-0.9,-3.2,4.5,-0.5,59.4,7.6,47.5,4,4,2,5,4,4,3,3,3,4,4,3,3,4,4,3,4,4,5,4,4,4,2,3,4,3.8,3.6,2.8,4.0,4.0,17.4,17.7,16.0,17.2,16.7,17.9,15.1,18.0,16.4,16.1,20.4,16.6,16.5,16.3,18.1,17.0,No
EMI-2022-058,L06,Chemical Engineering,Male,20,24,65.0,63.2,61.7,61.6,62.9,61.1,62.9,64.1,56.9,61.2,3.9,0.3,-2.4,4.7,1.7,57.2,5.7,44.3,2,3,4,5,5,3,4,4,5,4,2,3,4,5,4,2,4,3,5,5,2,4,4,5,4,2.2,3.6,3.8,5.0,4.4,17.9,16.6,15.9,15.4,15.9,16.1,13.8,16.7,16.8,15.6,15.7,15.1,14.5,14.9,15.7,15.7,Yes
EMI-2022-059,L06,Chemical Engineering,Male,20,24,67.4,60.6,59.9,57.4,61.3,72.9,59.1,61.3,53.9,61.8,-5.5,1.5,-1.4,3.5,-0.5,56.7,4.6,50.6,3,4,4,3,4,5,4,4,3,5,4,3,3,4,4,2,4,4,4,4,4,3,4,3,5,3.6,3.6,3.8,3.4,4.4,16.1,15.2,18.2,15.4,18.0,14.6,18.4,15.2,14.8,14.8,17.7,15.0,18.5,15.9,18.5,13.5,Yes
EMI-2022-060,L06,Chemical Engineering,Male,21,25,67.8,66.2,60.2,64.4,64.6,62.3,70.4,60.0,58.5,62.8,5.5,-4.2,0.2,5.9,1.8,56.6,8.0,51.6,3,3,3,4,4,5,3,3,4,3,3,3,4,3,4,3,3,4,3,3,4,4,3,3,5,3.6,3.2,3.4,3.4,3.8,16.3,16.0,14.4,17.6,16.2,17.4,17.7,18.8,17.6,16.2,17.0,17.6,17.7,16.6,13.2,16.4,Yes
EMI-2022-061,L07,Chemical Engineering,Female,20,24,66.9,63.1,64.3,62.1,64.1,59.1,61.2,62.1,50.9,58.3,7.8,1.9,2.2,11.2,5.8,52.3,11.8,48.7,3,5,4,4,4,4,4,3,3,3,3,5,3,3,3,3,4,2,3,3,4,4,3,4,2,3.4,4.4,3.0,3.4,3.0,15.8,13.9,14.1,16.9,16.9,16.6,15.2,14.2,17.4,16.4,15.5,13.7,16.7,16.1,14.1,16.3,Yes
EMI-2022-062,L07,Chemical Engineering,Male,20,24,66.7,66.1,68.9,65.5,66.8,64.6,64.7,63.4,51.5,61.0,2.1,1.4,5.5,14.0,5.8,54.6,12.2,59.8,5,4,3,4,4,4,4,4,3,3,5,4,2,2,3,5,4,3,2,4,5,4,3,3,3,4.8,4.0,3.0,2.8,3.4,14.5,16.3,17.2,16.7,16.9,16.7,16.0,17.2,16.6,16.5,17.1,17.1,18.7,16.5,14.3,13.7,No
EMI-2022-063,L07,Chemical Engineering,Female,18,22,65.3,63.7,53.5,58.1,60.2,59.2,60.5,50.8,49.7,55.0,6.1,3.2,2.7,8.4,5.2,48.7,11.5,52.0,4,3,3,5,4,4,3,2,4,4,3,3,3,5,5,2,3,3,4,4,3,3,3,4,4,3.2,3.0,2.8,4.4,4.2,16.0,17.3,14.3,13.9,17.2,15.8,16.7,15.3,16.1,14.7,15.3,16.3,16.0,15.8,12.9,15.0,No
EMI-2022-064,L07,Chemical Engineering,Female,21,25,64.1,61.0,62.1,59.5,61.7,62.3,64.5,65.4,48.8,60.2,1.8,-3.5,-3.3,10.7,1.5,49.5,12.2,51.0,4,4,4,5,4,4,5,3,5,4,5,5,3,4,3,5,5,3,4,4,5,5,3,5,4,4.6,4.8,3.2,4.6,3.8,15.7,15.5,15.3,16.5,16.2,16.0,15.9,15.4,16.3,15.6,14.8,16.8,15.9,13.9,16.3,15.8,No
EMI-2022-065,L07,Chemical Engineering,Male,18,22,69.8,66.4,68.8,69.6,68.6,68.2,68.5,67.9,61.8,66.6,1.6,-2.1,0.9,7.8,2.0,55.1,13.5,57.0,4,4,3,3,3,3,5,3,5,3,4,5,3,4,3,3,4,3,4,3,4,5,1,3,3,3.6,4.6,2.6,3.8,3.0,18.6,18.0,17.3,17.2,18.5,18.3,15.2,17.5,15.6,14.8,17.6,18.1,17.1,15.4,18.0,15.7,Yes
EMI-2022-066,L07,Chemical Engineering,Female,19,23,67.0,67.5,64.4,63.6,65.6,64.6,70.5,62.5,56.3,63.5,2.4,-3.0,1.9,7.3,2.1,55.6,10.0,48.5,4,3,2,4,4,4,3,3,4,4,3,4,2,4,5,4,3,3,4,4,3,3,4,5,4,3.6,3.2,2.8,4.2,4.2,16.3,17.7,18.4,16.7,18.2,15.3,15.0,17.7,16.4,17.8,15.0,18.4,16.1,16.8,16.1,17.7,No
EMI-2022-067,L07,Chemical Engineering,Male,18,22,64.1,65.5,65.8,72.3,66.9,55.7,65.2,68.4,54.6,61.0,8.4,0.3,-2.6,17.7,5.9,50.8,16.1,62.1,5,4,3,4,3,5,4,3,4,2,5,5,3,3,2,4,5,3,4,3,4,5,2,4,3,4.6,4.6,2.8,3.8,2.6,17.0,16.0,12.7,15.8,13.5,17.4,13.7,16.4,15.2,15.4,13.7,16.8,18.3,16.7,15.5,16.2,Yes
EMI-2022-068,L07,Chemical Engineering,Female,18,22,66.1,70.6,61.6,64.4,65.7,69.2,69.6,64.3,58.0,65.3,-3.1,1.0,-2.7,6.4,0.4,55.1,10.6,46.7,4,4,3,3,3,3,4,3,4,3,5,4,2,4,3,4,4,2,4,3,4,4,3,5,4,4.0,4.0,2.6,4.0,3.2,16.3,16.6,17.5,16.2,16.8,19.5,16.8,17.3,16.6,16.8,17.8,19.5,16.4,17.8,17.0,16.6,Yes
EMI-2022-069,L07,Chemical Engineering,Male,18,22,70.3,70.4,69.3,67.0,69.2,72.3,70.6,72.2,55.6,67.7,-2.0,-0.2,-2.9,11.4,1.5,55.7,13.5,48.4,3,4,2,3,3,4,5,3,3,2,4,4,3,3,2,4,4,3,3,2,3,5,3,3,3,3.6,4.4,2.8,3.0,2.4,19.0,18.8,18.2,17.7,17.7,17.6,17.6,17.5,16.8,17.0,19.0,16.8,16.8,17.0,17.5,18.5,No
EMI-2022-070,L07,Chemical Engineering,Female,20,24,67.4,64.8,66.1,69.6,67.0,63.3,68.0,66.5,56.6,63.6,4.1,-3.2,-0.4,13.0,3.4,51.2,15.8,50.7,4,4,4,2,4,5,4,4,2,3,5,5,3,2,3,5,4,4,3,3,5,4,3,2,4,4.8,4.2,3.6,2.2,3.4,17.7,17.0,16.1,16.9,15.5,16.0,16.2,16.3,16.6,14.6,13.7,17.7,17.6,17.1,17.2,17.1,No
EMI-2022-071,L08,Chemical Engineering,Male,21,25,62.6,59.5,62.3,56.2,60.1,63.3,61.5,58.9,51.0,58.7,-0.7,-2.0,3.4,5.2,1.4,53.1,7.0,37.7,3,3,4,4,3,4,3,4,5,4,4,4,3,4,3,4,3,2,3,3,4,3,3,3,3,3.8,3.2,3.2,3.8,3.2,16.3,15.8,18.6,14.5,16.6,14.4,14.9,15.8,15.8,15.1,14.5,15.6,13.9,14.2,15.3,15.7,No
EMI-2022-072,L08,Chemical Engineering,Male,19,23,64.6,62.3,63.3,64.3,63.6,63.9,65.9,63.7,60.1,63.4,0.7,-3.6,-0.4,4.2,0.2,58.1,5.5,33.2,3,3,3,4,5,2,3,2,4,5,3,3,4,5,5,2,3,3,4,5,2,3,2,5,5,2.4,3.0,2.8,4.4,5.0,16.7,16.0,15.0,15.2,16.9,14.1,15.0,16.6,15.2,16.8,15.9,18.1,15.8,15.3,17.9,16.0,No
EMI-2022-073,L08,Chemical Engineering,Male,18,22,62.5,64.8,64.6,60.6,63.1,62.5,67.8,66.4,54.8,62.9,0.0,-3.0,-1.8,5.8,0.2,55.6,7.5,44.7,2,4,4,5,5,4,5,2,5,5,4,4,2,5,4,3,4,3,5,5,2,4,2,5,4,3.0,4.2,2.6,5.0,4.6,15.4,15.2,15.2,16.7,18.0,16.8,16.2,17.7,15.0,16.2,15.5,15.2,14.1,16.5,15.5,18.3,Yes
EMI-2022-074,L08,Chemical Engineering,Male,19,23,59.6,65.4,65.2,59.2,62.4,58.3,66.4,64.2,59.5,62.1,1.3,-1.0,1.0,-0.3,0.3,52.3,10.1,39.8,3,3,2,4,3,3,3,2,4,4,2,3,3,5,3,2,4,3,4,3,3,3,3,4,3,2.6,3.2,2.6,4.2,3.2,15.8,16.9,15.0,16.8,14.5,18.4,15.1,17.6,13.9,15.1,14.2,16.8,15.4,15.1,14.0,15.3,No
EMI-2022-075,L08,Chemical Engineering,Male,18,22,74.6,71.8,73.1,71.9,72.8,68.5,75.4,69.4,68.5,70.4,6.1,-3.6,3.7,3.4,2.4,66.6,6.2,39.8,2,4,3,3,4,2,3,3,3,4,3,3,2,4,5,3,4,2,3,5,2,4,4,3,4,2.4,3.6,2.8,3.2,4.4,19.4,18.8,15.9,18.2,17.9,16.6,17.9,19.1,18.1,18.3,16.9,19.3,19.2,18.2,17.7,18.8,No
EMI-2022-076,L08,Chemical Engineering,Male,18,22,60.6,65.0,61.5,58.1,61.3,64.6,66.9,62.9,56.6,62.8,-4.0,-1.9,-1.4,1.5,-1.5,57.5,3.8,27.3,3,5,2,5,4,2,5,2,4,5,2,4,3,4,5,3,4,2,5,4,1,4,3,4,5,2.2,4.4,2.4,4.4,4.6,13.6,17.2,15.8,16.5,15.0,16.2,16.4,16.6,16.7,15.7,15.5,17.5,15.4,15.9,16.7,16.3,No
EMI-2022-077,L08,Chemical Engineering,Female,19,23,75.4,73.1,75.0,66.3,72.4,67.2,74.2,77.5,57.9,69.2,8.2,-1.1,-2.5,8.4,3.2,64.2,8.2,32.5,3,2,2,5,4,4,2,4,4,4,4,3,2,3,3,4,3,3,5,3,4,4,3,4,4,3.8,2.8,2.8,4.2,3.6,18.7,18.3,14.9,17.3,19.0,18.5,15.2,18.9,18.0,17.8,18.8,18.8,19.7,18.5,18.2,19.1,No
EMI-2022-078,L08,Chemical Engineering,Male,21,25,71.9,71.0,75.0,71.0,72.2,70.5,72.7,76.7,65.3,71.3,1.4,-1.7,-1.7,5.7,0.9,64.4,7.8,32.4,3,3,3,4,3,3,2,3,3,4,2,3,2,3,2,3,2,2,3,4,3,2,1,4,3,2.8,2.4,2.2,3.4,3.2,17.8,17.2,17.9,18.0,17.0,18.8,16.9,19.0,18.5,18.1,15.9,17.1,18.6,17.0,19.8,18.6,No
EMI-2022-079,L08,Chemical Engineering,Male,19,23,65.5,73.2,65.6,71.3,68.9,66.5,70.2,61.6,68.9,66.8,-1.0,3.0,4.0,2.4,2.1,61.5,7.4,30.6,3,3,4,4,4,3,3,2,5,4,3,3,2,4,2,3,3,2,5,4,3,3,2,5,4,3.0,3.0,2.4,4.6,3.6,15.7,18.5,16.8,18.3,15.3,18.1,16.9,14.8,17.6,18.6,16.2,19.1,17.0,18.0,16.4,18.0,No
EMI-2022-080,L08,Chemical Engineering,Female,19,23,71.3,65.7,69.4,63.6,67.5,66.0,64.7,69.2,59.5,64.8,5.3,1.0,0.2,4.1,2.7,58.4,9.1,36.7,3,3,2,4,5,3,3,2,5,5,3,3,3,5,5,3,3,2,5,5,2,3,3,4,5,2.8,3.0,2.4,4.6,5.0,17.1,15.9,17.4,17.1,19.0,16.1,14.7,15.3,16.7,16.4,18.2,14.9,18.5,17.3,15.6,17.4,Yes
EMI-2022-081,L09,Electrical-Electronics Engineering,Male,18,22,64.1,65.8,59.3,55.2,61.1,61.3,63.2,58.1,51.0,58.4,2.8,2.6,1.2,4.2,2.7,48.0,13.1,42.7,3,4,3,3,3,5,4,2,3,3,3,4,2,3,3,3,4,3,2,3,3,4,3,3,2,3.4,4.0,2.6,2.8,2.8,15.7,16.4,15.9,16.0,16.9,16.3,15.8,16.9,16.1,18.5,12.6,15.9,15.4,14.6,16.9,14.4,Yes
EMI-2022-082,L09,Electrical-Electronics Engineering,Female,18,22,62.4,64.7,62.9,64.0,63.5,60.1,65.2,56.4,57.9,59.9,2.3,-0.5,6.5,6.1,3.6,51.8,11.7,43.5,4,3,3,3,3,4,3,3,3,4,4,3,4,4,4,3,3,2,3,4,5,4,4,2,5,4.0,3.2,3.2,3.0,4.0,17.5,16.8,15.4,16.0,15.5,16.4,15.5,14.5,13.7,14.2,14.4,17.8,15.7,17.3,14.7,16.9,No
EMI-2022-083,L09,Electrical-Electronics Engineering,Male,21,25,64.2,63.2,65.0,68.7,65.3,58.8,64.7,68.2,59.3,62.8,5.4,-1.5,-3.2,9.4,2.5,49.1,16.2,46.4,4,5,3,3,4,4,5,3,4,2,5,4,3,2,3,4,5,3,2,2,4,5,3,3,3,4.2,4.8,3.0,2.8,2.8,15.7,14.8,14.0,15.3,16.5,16.1,13.2,16.6,16.9,16.4,15.6,15.9,15.1,15.9,16.0,16.9,Yes
EMI-2022-084,L09,Electrical-Electronics Engineering,Female,21,25,66.2,73.4,66.5,59.9,66.5,64.3,71.4,68.5,54.0,64.6,1.9,2.0,-2.0,5.9,1.9,56.2,10.3,32.4,4,3,2,4,2,4,3,3,4,3,4,2,3,3,2,5,2,3,4,2,3,2,3,4,2,4.0,2.4,2.8,3.8,2.2,17.7,18.5,15.8,18.6,14.5,19.2,15.5,16.8,16.2,17.5,16.9,18.2,17.8,18.2,15.9,17.7,Yes
EMI-2022-085,L09,Electrical-Electronics Engineering,Male,19,23,71.0,69.6,70.1,62.0,68.2,74.5,69.9,71.2,58.4,68.5,-3.5,-0.3,-1.1,3.6,-0.3,56.6,11.6,34.7,3,3,2,3,2,4,3,2,4,3,4,3,2,4,2,5,3,2,4,2,4,3,2,3,3,4.0,3.0,2.0,3.6,2.4,16.0,17.7,17.7,17.7,19.7,15.2,19.9,16.9,17.0,19.9,19.1,16.9,18.3,16.8,17.7,18.4,No
EMI-2022-086,L09,Electrical-Electronics Engineering,Male,18,22,62.3,69.2,65.4,59.2,64.0,59.9,72.9,65.0,54.1,63.0,2.4,-3.7,0.4,5.1,1.0,52.0,12.0,35.3,5,3,2,3,4,5,4,2,4,3,4,4,3,3,4,4,3,2,4,5,4,3,1,2,5,4.4,3.4,2.0,3.2,4.2,14.4,16.7,15.6,19.2,15.8,18.1,14.1,18.0,17.3,16.4,14.1,18.6,14.9,18.0,16.0,17.1,No
EMI-2022-087,L09,Electrical-Electronics Engineering,Male,18,22,76.3,78.1,71.0,76.5,75.5,69.4,74.9,72.0,67.1,70.8,6.9,3.2,-1.0,9.4,4.7,61.9,13.6,46.4,5,4,2,3,3,5,4,3,4,3,4,4,3,3,3,4,4,2,3,3,3,3,3,3,3,4.2,3.8,2.6,3.2,3.0,20.2,20.6,17.3,20.4,18.7,17.4,17.4,19.6,19.1,19.7,18.6,17.4,18.3,20.5,16.0,17.4,No
EMI-2022-088,L09,Electrical-Electronics Engineering,Male,18,22,61.9,64.6,65.7,70.0,65.6,60.2,65.5,69.0,63.0,64.4,1.7,-0.9,-3.3,7.0,1.2,51.0,14.6,37.5,3,3,1,3,2,2,3,1,3,2,4,3,2,4,2,3,3,3,4,3,3,3,3,3,2,3.0,3.0,2.0,3.4,2.2,16.9,14.3,15.5,19.1,14.0,16.3,15.6,17.4,15.9,17.1,15.0,15.2,15.1,16.9,14.0,13.7,Yes
EMI-2022-089,L09,Electrical-Electronics Engineering,Male,21,25,76.4,75.0,72.8,71.6,73.9,77.0,74.9,77.7,70.3,75.0,-0.6,0.1,-4.9,1.3,-1.1,63.3,10.6,39.0,2,4,3,4,2,2,3,5,4,1,3,3,3,4,3,2,4,3,4,3,2,2,4,3,3,2.2,3.2,3.6,3.8,2.4,18.5,20.5,18.9,17.1,19.9,18.8,20.1,19.9,19.4,18.1,19.0,17.9,18.5,17.6,18.8,19.9,No
EMI-2022-090,L09,Electrical-Electronics Engineering,Male,18,22,76.5,72.6,78.2,75.4,75.7,71.3,71.6,77.6,66.2,71.7,5.2,1.0,0.6,9.2,4.0,64.6,11.1,32.6,3,3,3,5,3,3,4,3,5,2,3,3,2,4,3,2,2,3,5,2,3,3,2,4,2,2.8,3.0,2.6,4.6,2.4,19.7,18.0,18.7,17.1,18.0,18.0,18.4,18.7,20.3,18.7,16.6,18.0,18.5,17.9,17.5,17.9,No
EMI-2022-091,L10,Electrical-Electronics Engineering,Female,20,24,73.2,74.0,69.2,71.0,71.8,71.2,74.4,74.8,66.8,71.8,2.0,-0.4,-5.6,4.2,0.0,61.7,10.1,27.4,3,3,3,4,3,3,3,3,4,3,2,3,2,4,3,3,3,3,4,4,3,3,3,3,3,2.8,3.0,2.8,3.8,3.2,16.3,19.6,18.1,18.8,19.1,20.0,18.5,18.0,19.1,17.6,17.5,18.4,18.7,16.9,17.0,19.2,No
EMI-2022-092,L10,Electrical-Electronics Engineering,Male,20,24,72.4,74.3,71.4,71.5,72.4,73.7,79.5,70.2,61.8,71.3,-1.3,-5.2,1.2,9.7,1.1,62.1,10.3,28.4,3,3,2,5,5,3,2,2,4,3,4,2,3,4,5,4,3,1,4,3,4,2,2,3,4,3.6,2.4,2.0,4.0,4.0,18.7,19.6,18.3,20.2,19.0,17.7,19.0,20.8,17.1,18.9,19.0,18.6,17.7,18.2,17.3,20.0,No
EMI-2022-093,L10,Electrical-Electronics Engineering,Male,19,23,63.5,69.2,63.0,69.7,66.4,68.3,66.0,63.2,59.9,64.4,-4.8,3.2,-0.2,9.8,2.0,55.0,11.4,27.7,4,2,3,4,3,4,3,3,4,4,3,3,3,4,5,4,3,2,4,5,3,2,3,4,5,3.6,2.6,2.8,4.0,4.4,13.4,17.1,16.4,17.3,15.7,19.0,18.4,16.3,17.1,16.3,16.6,17.3,17.3,16.7,16.8,15.0,Yes
EMI-2022-094,L10,Electrical-Electronics Engineering,Male,19,23,67.4,71.7,64.0,69.4,68.1,65.9,78.2,64.1,61.9,67.5,1.5,-6.5,-0.1,7.5,0.6,54.6,13.5,35.9,4,4,3,4,3,4,3,3,3,5,4,4,3,4,4,4,4,3,3,4,4,5,3,3,5,4.0,4.0,3.0,3.4,4.2,16.4,17.9,17.6,18.9,18.0,18.2,16.8,19.4,16.9,17.6,13.8,19.5,16.0,18.0,17.6,20.4,Yes
EMI-2022-095,L10,Electrical-Electronics Engineering,Female,19,23,66.8,71.8,71.3,73.2,70.8,69.2,71.7,68.4,65.3,68.6,-2.4,0.1,2.9,7.9,2.2,58.2,12.6,29.6,2,3,3,4,4,3,3,3,3,4,3,3,2,3,5,3,3,4,4,3,3,3,2,4,3,2.8,3.0,2.8,3.6,3.8,15.9,18.9,17.5,18.2,18.1,17.4,16.6,19.7,17.4,18.3,17.3,18.4,15.4,17.2,17.7,15.5,Yes
EMI-2022-096,L10,Electrical-Electronics Engineering,Male,18,22,60.6,65.7,66.5,61.4,63.6,59.1,70.4,66.5,53.1,62.3,1.5,-4.7,0.0,8.3,1.3,51.6,12.0,36.6,3,3,2,4,4,4,4,2,3,5,3,4,2,4,4,4,4,1,3,4,4,4,2,4,4,3.6,3.8,1.8,3.6,4.2,15.2,18.0,14.4,16.3,14.6,15.7,14.9,17.0,15.4,17.3,13.6,17.1,15.4,14.7,16.0,19.9,No
EMI-2022-097,L10,Electrical-Electronics Engineering,Male,20,24,74.0,73.5,73.9,64.8,71.6,66.9,72.9,74.3,55.6,67.4,7.1,0.6,-0.4,9.2,4.2,58.0,13.6,33.0,4,3,2,3,3,4,4,2,3,3,5,4,2,4,3,5,4,2,4,3,5,3,2,5,3,4.6,3.6,2.0,3.8,3.0,19.1,17.5,17.1,18.7,17.8,17.0,15.1,17.2,17.9,18.7,17.3,19.4,19.3,20.4,17.3,17.7,No
EMI-2022-098,L10,Electrical-Electronics Engineering,Male,18,22,60.4,64.0,62.9,60.8,62.0,56.4,64.9,66.0,51.6,59.7,4.0,-0.9,-3.1,9.2,2.3,50.1,11.9,36.2,3,3,1,3,3,3,3,2,4,4,4,3,2,5,3,3,3,2,4,3,3,3,2,4,4,3.2,3.0,1.8,4.0,3.4,14.6,17.3,14.4,17.5,14.2,15.9,12.9,15.6,14.9,15.0,15.4,16.8,16.7,15.8,13.6,14.9,No
EMI-2022-099,L10,Electrical-Electronics Engineering,Female,20,24,68.9,73.0,73.2,76.7,73.0,71.8,73.8,74.4,67.2,71.8,-2.9,-0.8,-1.2,9.5,1.2,59.2,13.8,40.8,4,3,2,2,3,4,4,2,3,3,3,4,3,2,3,4,3,3,2,3,4,3,1,2,3,3.8,3.4,2.2,2.2,3.0,18.1,18.3,18.4,21.3,17.7,18.6,17.5,17.2,15.8,16.9,17.9,18.2,17.4,19.2,17.8,17.2,No
EMI-2022-100,L10,Electrical-Electronics Engineering,Female,21,25,66.6,67.8,57.6,61.8,63.4,67.6,68.4,61.5,49.3,61.7,-1.0,-0.6,-3.9,12.5,1.7,52.7,10.7,31.7,3,4,3,5,4,3,4,2,5,4,4,4,2,5,5,3,4,3,5,4,4,3,2,5,4,3.4,3.8,2.4,5.0,4.2,15.8,15.1,18.0,17.6,16.6,17.8,18.7,17.4,16.8,17.5,15.9,16.7,17.5,17.4,14.9,16.7,No
EMI-2022-101,L11,Electrical-Electronics Engineering,Male,19,23,66.3,70.3,65.0,59.2,65.2,60.4,69.6,63.4,51.4,61.2,5.9,0.7,1.6,7.8,4.0,51.4,13.8,47.2,3,3,2,2,3,4,4,3,3,2,3,4,3,3,2,2,4,2,1,3,2,4,4,3,3,2.8,3.8,2.8,2.4,2.6,17.4,20.1,16.2,17.9,15.9,16.1,13.7,17.5,17.7,17.8,15.5,18.0,15.3,16.2,14.8,16.2,No
EMI-2022-102,L11,Electrical-Electronics Engineering,Female,20,24,63.2,67.0,70.6,64.1,66.2,57.9,71.2,69.5,50.4,62.2,5.3,-4.2,1.1,13.7,4.0,51.7,14.5,50.6,5,4,4,3,3,5,4,3,4,4,5,4,4,4,4,3,4,4,3,4,4,4,4,3,4,4.4,4.0,3.8,3.4,3.8,17.0,16.3,13.8,16.9,14.8,16.9,15.5,18.8,15.2,16.9,14.2,16.1,16.3,16.9,14.3,19.5,No
EMI-2022-103,L11,Electrical-Electronics Engineering,Male,18,22,64.8,65.6,62.3,61.3,63.5,60.7,70.1,62.1,51.5,61.1,4.1,-4.5,0.2,9.8,2.4,52.5,11.0,42.9,3,4,4,3,4,3,4,3,4,4,4,3,4,3,3,3,4,5,4,3,3,4,4,2,3,3.2,3.8,4.0,3.2,3.4,16.3,15.8,16.3,18.6,17.0,17.9,14.8,16.7,14.4,16.7,14.9,19.1,17.2,15.1,14.6,15.8,No
EMI-2022-104,L11,Electrical-Electronics Engineering,Female,19,23,68.1,66.1,64.2,63.2,65.4,60.6,67.1,65.7,49.9,60.8,7.5,-1.0,-1.5,13.3,4.6,51.1,14.3,51.3,4,3,3,2,3,3,4,3,3,2,4,4,3,3,2,4,4,4,1,2,4,4,4,3,3,3.8,3.8,3.4,2.4,2.4,16.9,16.9,17.5,15.0,16.2,16.3,14.4,18.8,19.3,16.1,13.8,16.1,15.7,16.7,14.8,17.1,Yes
EMI-2022-105,L11,Electrical-Electronics Engineering,Male,18,22,83.5,81.6,80.2,80.5,81.4,80.1,82.6,77.5,72.0,78.0,3.4,-1.0,2.7,8.5,3.4,69.1,12.3,56.9,3,4,3,3,3,4,4,3,3,3,3,4,3,3,3,2,4,3,4,3,4,4,3,3,3,3.2,4.0,3.0,3.2,3.0,20.9,21.3,20.3,19.6,19.5,20.0,21.6,20.8,21.3,20.3,18.4,21.4,21.8,20.1,19.8,20.8,Yes
EMI-2022-106,L11,Electrical-Electronics Engineering,Male,19,23,64.7,64.2,63.6,64.7,64.3,70.4,66.8,67.0,53.0,64.3,-5.7,-2.6,-3.4,11.7,0.0,51.7,12.6,39.8,4,4,3,4,2,3,3,4,3,3,3,3,3,3,3,4,4,4,2,2,3,4,4,3,4,3.4,3.6,3.6,3.0,2.8,17.0,16.7,17.7,17.6,16.9,15.0,18.6,15.8,13.7,14.9,16.8,16.5,17.1,17.5,17.3,16.9,No
EMI-2022-107,L11,Electrical-Electronics Engineering,Male,18,22,74.8,69.1,71.7,72.0,71.9,72.3,66.5,68.4,66.8,68.5,2.5,2.6,3.3,5.2,3.4,62.6,9.3,48.4,3,3,3,3,2,3,5,3,4,4,3,3,4,4,2,4,4,3,4,3,3,3,3,3,3,3.2,3.6,3.2,3.6,2.8,18.4,18.3,16.2,16.7,19.7,15.8,19.3,17.1,17.6,17.7,18.8,15.6,19.1,17.4,18.0,17.2,No
EMI-2022-108,L11,Electrical-Electronics Engineering,Male,20,24,64.9,66.4,61.3,54.4,61.8,59.3,67.8,56.9,48.1,58.0,5.6,-1.4,4.4,6.3,3.8,48.4,13.4,43.4,4,2,3,4,2,4,3,4,4,3,4,3,3,4,2,4,3,3,4,3,4,3,3,3,2,4.0,2.8,3.2,3.8,2.4,16.0,15.2,15.9,16.4,17.2,19.2,13.4,18.1,15.1,16.9,13.9,16.8,16.5,15.1,16.0,16.4,No
EMI-2022-109,L11,Electrical-Electronics Engineering,Male,19,23,76.5,78.7,80.9,73.9,77.5,75.3,80.8,82.6,63.6,75.6,1.2,-2.1,-1.7,10.3,1.9,66.7,10.8,47.2,2,4,3,4,4,3,4,4,5,5,3,4,3,4,5,3,4,4,5,4,3,4,4,4,4,2.8,4.0,3.6,4.4,4.4,19.7,20.6,20.8,20.0,18.5,20.9,19.6,21.1,20.1,19.1,17.0,19.5,18.1,18.2,17.8,20.1,No
EMI-2022-110,L11,Electrical-Electronics Engineering,Female,18,22,75.0,77.7,68.0,73.8,73.6,69.7,75.7,66.7,65.1,69.3,5.3,2.0,1.3,8.7,4.3,61.7,11.9,42.7,4,4,3,5,3,3,4,3,5,2,3,3,3,3,3,4,4,4,4,4,3,4,3,3,2,3.4,3.8,3.2,4.0,2.8,14.5,19.5,18.2,20.1,20.9,21.8,17.0,19.4,20.4,19.3,16.4,17.3,19.2,16.9,17.9,18.9,Yes
EMI-2022-111,L12,Electrical-Electronics Engineering,Male,18,22,70.8,73.7,68.2,67.4,70.0,71.8,75.2,65.8,66.5,69.8,-1.0,-1.5,2.4,0.9,0.2,65.6,4.4,12.1,2,3,3,5,4,2,3,2,5,4,2,4,2,5,5,2,3,3,5,4,2,3,2,4,5,2.0,3.2,2.4,4.8,4.4,18.4,17.7,19.1,18.5,19.4,20.2,17.8,18.5,16.5,17.7,17.2,19.0,16.4,18.1,17.6,19.2,Yes
EMI-2022-112,L12,Electrical-Electronics Engineering,Male,18,22,67.9,69.4,70.6,62.6,67.6,64.2,68.9,74.0,69.7,69.2,3.7,0.5,-3.4,-7.1,-1.6,62.5,5.1,12.0,4,3,1,5,4,4,3,1,5,5,5,3,1,5,4,4,3,2,4,4,3,3,2,4,4,4.0,3.0,1.4,4.6,4.2,19.2,17.6,15.5,17.9,15.7,17.9,16.5,16.8,18.0,17.4,15.0,17.5,15.0,16.5,17.2,16.6,Yes
EMI-2022-113,L12,Electrical-Electronics Engineering,Male,19,23,69.5,67.8,65.2,60.6,65.8,66.6,65.9,64.2,61.1,64.4,2.9,1.9,1.0,-0.5,1.4,54.7,11.1,16.0,3,3,1,3,3,3,2,1,5,5,3,3,1,3,4,4,3,2,4,3,3,2,1,4,4,3.2,2.6,1.2,3.8,3.8,18.1,16.7,16.4,17.4,18.2,17.3,16.8,16.0,17.5,16.8,16.5,16.4,15.6,17.0,16.8,16.1,No
EMI-2022-114,L12,Electrical-Electronics Engineering,Male,20,24,65.4,68.1,67.7,61.8,65.8,61.9,66.6,68.7,59.7,64.2,3.5,1.5,-1.0,2.1,1.6,58.7,7.1,13.7,2,2,2,4,3,1,3,2,4,3,2,3,2,5,3,3,3,2,3,4,1,4,2,5,5,1.8,3.0,2.0,4.2,3.6,16.4,18.0,15.2,14.5,13.1,16.9,15.8,16.8,19.3,16.4,15.1,17.9,16.6,16.9,15.6,17.4,No
EMI-2022-115,L12,Electrical-Electronics Engineering,Female,20,24,58.0,62.4,59.9,60.3,60.2,61.3,59.0,57.0,62.7,60.0,-3.3,3.4,2.9,-2.4,0.2,54.2,6.0,12.8,3,1,2,5,5,3,2,1,4,5,3,1,1,5,4,1,2,2,5,5,4,2,2,5,4,2.8,1.6,1.6,4.8,4.6,16.7,16.8,14.1,16.7,13.6,14.7,15.6,14.1,14.3,15.3,15.7,14.3,13.4,15.6,15.8,13.9,No
EMI-2022-116,L12,Electrical-Electronics Engineering,Female,19,23,63.6,67.9,68.0,65.0,66.1,66.5,70.2,66.5,64.1,66.8,-2.9,-2.3,1.5,0.9,-0.7,57.6,8.5,15.5,3,3,2,5,4,3,2,1,4,3,3,3,2,4,3,3,3,2,5,4,4,2,2,5,4,3.2,2.6,1.8,4.6,3.6,17.6,16.3,15.5,16.0,14.7,17.8,16.5,17.9,15.6,17.6,18.3,17.4,15.7,16.3,16.1,18.7,No
EMI-2022-117,L12,Electrical-Electronics Engineering,Male,21,25,64.1,66.3,63.9,60.4,63.7,63.7,67.2,68.7,62.5,65.5,0.4,-0.9,-4.8,-2.1,-1.8,57.2,6.5,18.1,2,3,1,4,4,3,2,1,5,5,3,2,1,5,5,4,3,1,5,5,3,2,1,5,5,3.0,2.4,1.0,4.8,4.8,16.0,18.3,14.5,17.1,16.4,15.3,15.2,16.4,16.8,15.7,16.1,16.9,15.0,17.0,17.7,16.8,No
EMI-2022-118,L12,Electrical-Electronics Engineering,Male,19,23,64.6,64.5,64.0,62.0,63.8,59.9,65.4,72.6,68.3,66.6,4.7,-0.9,-8.6,-6.3,-2.8,60.3,3.5,12.0,2,2,1,5,4,1,3,2,4,5,1,3,1,4,4,1,3,1,4,5,1,3,2,5,5,1.2,2.8,1.4,4.4,4.6,16.5,17.0,15.6,14.9,17.1,14.6,14.1,18.7,16.1,15.1,16.2,17.0,14.9,17.7,14.0,14.8,No
EMI-2022-119,L12,Electrical-Electronics Engineering,Female,21,25,69.7,69.5,73.6,67.4,70.0,70.6,69.6,70.6,63.4,68.6,-0.9,-0.1,3.0,4.0,1.4,64.3,5.7,18.2,3,3,1,4,3,3,3,1,4,4,3,3,2,4,4,3,3,1,5,5,3,3,2,4,4,3.0,3.0,1.4,4.2,4.0,18.1,17.3,18.8,17.7,14.5,17.4,17.4,17.0,18.8,17.2,18.1,16.7,18.2,17.6,16.2,18.2,No
EMI-2022-120,L12,Electrical-Electronics Engineering,Male,19,23,68.0,64.2,61.7,61.9,64.0,70.2,65.0,63.3,62.7,65.3,-2.2,-0.8,-1.6,-0.8,-1.3,60.2,3.8,14.0,2,2,2,4,4,3,3,1,5,5,3,2,1,4,4,2,2,2,5,5,2,2,2,4,5,2.4,2.2,1.6,4.4,4.6,14.9,15.1,17.5,17.6,17.6,16.3,18.3,15.7,18.5,16.5,16.3,16.0,16.9,16.3,18.1,15.7,No
